site_id,rma_date,rma_count,rolling_mean,rolling_std,z_score,region,site_type,country
ST-01400,2025-06-16,4,1.125,0.3535533905932722,8.131727983645334,AMER,Cell Site,Argentina
ST-01729,2025-05-05,4,1.25,0.46291004988627416,5.9406789735405585,EMEA,Cell Site,Germany
ST-00858,2025-01-27,3,1.125,0.3535533905932717,5.303300858899138,EMEA,Cell Site,Italy
ST-01940,2025-01-20,3,1.125,0.3535533905932718,5.303300858899136,APAC,Cell Site,Indonesia
ST-00806,2024-04-08,3,1.125,0.35355339059327195,5.303300858899133,APAC,Warehouse,India
ST-01817,2024-04-01,3,1.125,0.353553390593272,5.303300858899132,APAC,Cell Site,Vietnam
ST-00794,2025-08-25,3,1.125,0.35355339059327207,5.3033008588991315,EMEA,Warehouse,Poland
ST-01654,2025-06-23,3,1.125,0.3535533905932722,5.303300858899131,APAC,Warehouse,South Korea
ST-01642,2025-09-22,3,1.125,0.3535533905932721,5.303300858899131,EMEA,Cell Site,Netherlands
ST-00786,2025-01-20,3,1.125,0.3535533905932721,5.303300858899131,AMER,Warehouse,Argentina
ST-01059,2024-10-21,3,1.125,0.3535533905932722,5.303300858899131,APAC,Cell Site,Indonesia
ST-01131,2024-05-13,3,1.125,0.3535533905932722,5.303300858899131,APAC,Data Center,Vietnam
ST-01325,2025-02-03,3,1.125,0.3535533905932723,5.303300858899129,EMEA,Data Center,Czechia
ST-01422,2025-02-03,3,1.125,0.3535533905932723,5.303300858899129,APAC,Warehouse,Indonesia
ST-01229,2025-10-13,3,1.125,0.35355339059327234,5.303300858899128,AMER,Data Center,Brazil
ST-01549,2024-06-10,3,1.125,0.35355339059327234,5.303300858899128,APAC,Cell Site,Indonesia
ST-01287,2024-08-05,3,1.125,0.35355339059327234,5.303300858899128,APAC,Cell Site,Japan
ST-00708,2024-08-12,3,1.125,0.35355339059327245,5.303300858899126,EMEA,Warehouse,Poland
ST-00682,2025-04-21,3,1.125,0.35355339059327284,5.30330085889912,EMEA,Warehouse,Austria
ST-00436,2025-01-06,3,1.125,0.35355339059327295,5.303300858899118,EMEA,Integration Center,Spain
ST-00262,2024-11-11,3,1.125,0.3535533905932731,5.303300858899116,EMEA,Cell Site,Poland
ST-00519,2024-08-26,3,1.125,0.35355339059327323,5.303300858899115,EMEA,Cell Site,UK
ST-00030,2025-07-21,3,1.125,0.3535533905932738,5.303300858899106,AMER,Data Center,USA
ST-00215,2024-12-16,3,1.125,0.3535533905932738,5.303300858899106,EMEA,Cell Site,Spain
ST-00130,2024-08-12,3,1.125,0.3535533905932742,5.3033008588991,APAC,Cell Site,China
ST-00893,2023-01-30,3,1.1428571428571428,0.37796447300922464,4.913538149119987,AMER,Cell Site,USA
ST-00944,2023-03-20,3,1.1428571428571428,0.37796447300922503,4.913538149119983,APAC,Data Center,Indonesia
ST-01028,2023-07-03,3,1.1428571428571428,0.37796447300922514,4.913538149119981,AMER,Integration Center,Argentina
ST-01184,2023-02-06,3,1.1428571428571428,0.37796447300922525,4.913538149119979,EMEA,Data Center,Sweden
ST-01773,2023-09-11,3,1.1428571428571428,0.3779644730092255,4.913538149119977,EMEA,Warehouse,Czechia
ST-00753,2023-07-10,3,1.1428571428571428,0.3779644730092255,4.913538149119977,EMEA,Cell Site,Netherlands
ST-01543,2023-02-27,3,1.1428571428571428,0.37796447300922587,4.913538149119971,APAC,Warehouse,South Korea
ST-00379,2023-12-11,3,1.1428571428571428,0.377964473009226,4.9135381491199706,EMEA,Cell Site,Poland
ST-00345,2023-06-26,3,1.1428571428571428,0.377964473009226,4.9135381491199706,AMER,Cell Site,Brazil
ST-00689,2023-01-09,3,1.1428571428571428,0.37796447300922614,4.913538149119968,EMEA,Warehouse,Austria
ST-00271,2023-12-18,3,1.1428571428571428,0.3779644730092263,4.913538149119966,APAC,Data Center,Australia
ST-00566,2023-03-27,3,1.1428571428571428,0.377964473009227,4.913538149119957,EMEA,Cell Site,Spain
ST-00204,2023-08-21,3,1.1428571428571428,0.3779644730092271,4.913538149119956,EMEA,Cell Site,Netherlands
ST-00141,2024-03-18,3,1.1428571428571428,0.3779644730092273,4.913538149119953,EMEA,Data Center,Czechia
ST-01732,2023-10-09,3,1.25,0.46291004988627416,3.7804320740712645,EMEA,Data Center,Italy
ST-00771,2024-11-11,3,1.25,0.46291004988627427,3.7804320740712636,AMER,Warehouse,Chile
ST-01656,2025-03-17,3,1.25,0.46291004988627427,3.7804320740712636,APAC,Cell Site,India
ST-01220,2025-06-23,3,1.25,0.4629100498862743,3.780432074071263,AMER,Warehouse,Brazil
ST-00254,2024-01-08,3,1.25,0.462910049886275,3.780432074071258,APAC,Cell Site,Singapore
ST-00233,2025-03-17,3,1.25,0.4629100498862754,3.7804320740712547,AMER,Warehouse,Mexico
ST-00063,2025-05-05,3,1.25,0.4629100498862758,3.780432074071251,APAC,Cell Site,Australia
ST-01767,2023-10-02,3,1.2857142857142858,0.4879500364742647,3.5132402626147328,APAC,Cell Site,Indonesia
ST-01452,2023-11-06,3,1.2857142857142858,0.48795003647426494,3.513240262614731,APAC,Warehouse,Malaysia
ST-01389,2023-05-22,3,1.2857142857142858,0.4879500364742651,3.51324026261473,APAC,Cell Site,China
ST-01323,2023-01-16,3,1.2857142857142858,0.48795003647426527,3.5132402626147288,EMEA,Warehouse,Poland
ST-01564,2023-07-17,4,1.0,1.0,3.0,EMEA,Warehouse,Netherlands
ST-00240,2024-06-03,4,1.0,1.0,3.0,EMEA,Warehouse,Germany
ST-01429,2024-09-23,4,1.0,1.0,3.0,EMEA,Warehouse,Czechia
ST-00935,2024-01-22,4,1.0,1.0,3.0,EMEA,Warehouse,France
ST-01521,2023-03-06,3,1.4285714285714286,0.5345224838248468,2.939873661036679,AMER,Cell Site,USA
ST-00866,2025-04-28,2,1.125,0.35355339059327123,2.474873734152934,EMEA,Cell Site,France
ST-00867,2025-09-08,2,1.125,0.3535533905932713,2.4748737341529337,APAC,Cell Site,China
ST-00870,2024-07-29,2,1.125,0.3535533905932713,2.4748737341529337,AMER,Cell Site,Mexico
ST-00904,2024-07-08,2,1.125,0.3535533905932714,2.4748737341529328,EMEA,Data Center,Netherlands
ST-00883,2024-02-26,2,1.125,0.3535533905932714,2.4748737341529328,AMER,Cell Site,Colombia
ST-00908,2024-02-19,2,1.125,0.3535533905932714,2.4748737341529328,AMER,Data Center,USA
ST-00864,2024-06-03,2,1.125,0.3535533905932714,2.4748737341529328,EMEA,Cell Site,Austria
ST-00890,2024-04-22,2,1.125,0.35355339059327145,2.4748737341529323,AMER,Cell Site,Colombia
ST-00915,2025-03-31,2,1.125,0.35355339059327145,2.4748737341529323,EMEA,Warehouse,Austria
ST-00902,2024-09-23,2,1.125,0.35355339059327145,2.4748737341529323,EMEA,Cell Site,Austria
ST-00895,2024-06-24,2,1.125,0.35355339059327145,2.4748737341529323,EMEA,Cell Site,Italy
ST-00893,2025-07-28,2,1.125,0.35355339059327145,2.4748737341529323,AMER,Cell Site,USA
ST-00913,2024-02-12,2,1.125,0.35355339059327145,2.4748737341529323,APAC,Cell Site,Vietnam
ST-00876,2024-06-03,2,1.125,0.3535533905932715,2.474873734152932,APAC,Cell Site,Thailand
ST-00921,2024-12-02,2,1.125,0.35355339059327157,2.474873734152932,EMEA,Cell Site,Germany
ST-00921,2025-10-06,2,1.125,0.35355339059327157,2.474873734152932,EMEA,Cell Site,Germany
ST-00926,2025-05-19,2,1.125,0.35355339059327157,2.474873734152932,AMER,Data Center,Mexico
ST-00928,2024-08-26,2,1.125,0.3535533905932716,2.4748737341529314,EMEA,Cell Site,Sweden
ST-00842,2025-08-25,2,1.125,0.3535533905932716,2.4748737341529314,AMER,Cell Site,Colombia
ST-00844,2024-09-30,2,1.125,0.3535533905932717,2.474873734152931,EMEA,Cell Site,Italy
ST-00852,2025-05-12,2,1.125,0.3535533905932717,2.474873734152931,AMER,Warehouse,Chile
ST-00858,2024-01-01,2,1.125,0.3535533905932717,2.474873734152931,EMEA,Cell Site,Italy
ST-00933,2024-08-26,2,1.125,0.3535533905932717,2.474873734152931,EMEA,Integration Center,France
ST-00932,2025-02-17,2,1.125,0.3535533905932717,2.474873734152931,AMER,Cell Site,Brazil
ST-00836,2025-06-16,2,1.125,0.3535533905932717,2.474873734152931,EMEA,Cell Site,Netherlands
ST-00836,2025-09-01,2,1.125,0.3535533905932717,2.474873734152931,EMEA,Cell Site,Netherlands
ST-00961,2025-08-11,2,1.125,0.35355339059327173,2.4748737341529305,APAC,Integration Center,Thailand
ST-00963,2025-05-26,2,1.125,0.35355339059327173,2.4748737341529305,EMEA,Warehouse,Poland
ST-00847,2025-10-27,2,1.125,0.35355339059327173,2.4748737341529305,AMER,Warehouse,Mexico
ST-00955,2024-10-14,2,1.125,0.35355339059327173,2.4748737341529305,EMEA,Cell Site,Czechia
ST-00847,2025-07-21,2,1.125,0.35355339059327173,2.4748737341529305,AMER,Warehouse,Mexico
ST-00847,2024-04-08,2,1.125,0.35355339059327173,2.4748737341529305,AMER,Warehouse,Mexico
ST-01920,2025-08-11,2,1.125,0.35355339059327173,2.4748737341529305,EMEA,Cell Site,Netherlands
ST-01951,2025-09-29,2,1.125,0.3535533905932718,2.47487373415293,AMER,Integration Center,Argentina
ST-01934,2024-01-15,2,1.125,0.3535533905932718,2.47487373415293,EMEA,Cell Site,UK
ST-01936,2025-04-14,2,1.125,0.3535533905932718,2.47487373415293,AMER,Warehouse,Argentina
ST-00962,2025-09-08,2,1.125,0.3535533905932718,2.47487373415293,APAC,Data Center,Indonesia
ST-01955,2025-10-20,2,1.125,0.3535533905932718,2.47487373415293,EMEA,Cell Site,France
ST-01964,2024-04-01,2,1.125,0.3535533905932718,2.47487373415293,EMEA,Cell Site,UK
ST-01966,2025-09-15,2,1.125,0.3535533905932718,2.47487373415293,EMEA,Data Center,Austria
ST-00823,2024-01-08,2,1.125,0.3535533905932718,2.47487373415293,EMEA,Cell Site,France
ST-00952,2024-05-27,2,1.125,0.3535533905932718,2.47487373415293,EMEA,Cell Site,Spain
ST-00823,2024-05-06,2,1.125,0.3535533905932718,2.47487373415293,EMEA,Cell Site,France
ST-01907,2024-11-18,2,1.125,0.35355339059327184,2.4748737341529297,EMEA,Data Center,UK
ST-01951,2024-09-23,2,1.125,0.35355339059327184,2.4748737341529297,AMER,Integration Center,Argentina
ST-01988,2025-01-20,2,1.125,0.35355339059327184,2.4748737341529297,APAC,Data Center,Singapore
ST-00825,2024-10-21,2,1.125,0.35355339059327184,2.4748737341529297,APAC,Cell Site,Thailand
ST-01978,2025-04-28,2,1.125,0.35355339059327184,2.4748737341529297,EMEA,Data Center,Netherlands
ST-01982,2025-08-04,2,1.125,0.35355339059327184,2.4748737341529297,AMER,Cell Site,Brazil
ST-01903,2023-12-11,2,1.125,0.35355339059327184,2.4748737341529297,EMEA,Cell Site,Poland
ST-01899,2024-03-18,2,1.125,0.35355339059327184,2.4748737341529297,EMEA,Warehouse,Poland
ST-01980,2025-06-02,2,1.125,0.35355339059327184,2.4748737341529297,EMEA,Cell Site,Poland
ST-01941,2024-11-25,2,1.125,0.35355339059327184,2.4748737341529297,AMER,Cell Site,Mexico
ST-01948,2024-10-28,2,1.125,0.35355339059327184,2.4748737341529297,APAC,Integration Center,China
ST-01999,2024-04-08,2,1.125,0.35355339059327184,2.4748737341529297,AMER,Warehouse,Chile
ST-01932,2023-10-02,2,1.125,0.35355339059327184,2.4748737341529297,EMEA,Cell Site,Italy
ST-01011,2024-12-30,2,1.125,0.35355339059327184,2.4748737341529297,EMEA,Cell Site,Germany
ST-01979,2024-05-06,2,1.125,0.35355339059327184,2.4748737341529297,EMEA,Integration Center,Netherlands
ST-01905,2024-12-23,2,1.125,0.35355339059327184,2.4748737341529297,APAC,Cell Site,India
ST-00991,2025-02-17,2,1.125,0.35355339059327184,2.4748737341529297,AMER,Data Center,USA
ST-01024,2024-02-05,2,1.125,0.3535533905932719,2.474873734152929,APAC,Cell Site,Thailand
ST-00999,2024-04-15,2,1.125,0.3535533905932719,2.474873734152929,APAC,Cell Site,South Korea
ST-00991,2025-05-05,2,1.125,0.3535533905932719,2.474873734152929,AMER,Data Center,USA
ST-01000,2024-05-20,2,1.125,0.3535533905932719,2.474873734152929,EMEA,Warehouse,Sweden
ST-01945,2024-01-15,2,1.125,0.3535533905932719,2.474873734152929,APAC,Warehouse,Indonesia
ST-01994,2024-09-30,2,1.125,0.3535533905932719,2.474873734152929,AMER,Warehouse,USA
ST-00996,2025-02-10,2,1.125,0.3535533905932719,2.474873734152929,AMER,Cell Site,USA
ST-01186,2025-04-28,2,1.125,0.3535533905932719,2.474873734152929,AMER,Cell Site,USA
ST-00813,2025-03-03,2,1.125,0.3535533905932719,2.474873734152929,APAC,Warehouse,Singapore
ST-01027,2025-09-15,2,1.125,0.3535533905932719,2.474873734152929,AMER,Data Center,Chile
ST-00804,2025-10-20,2,1.125,0.3535533905932719,2.474873734152929,EMEA,Data Center,Poland
ST-01013,2024-03-04,2,1.125,0.3535533905932719,2.474873734152929,EMEA,Warehouse,Sweden
ST-01022,2024-08-26,2,1.125,0.3535533905932719,2.474873734152929,EMEA,Cell Site,Austria
ST-01018,2025-10-06,2,1.125,0.3535533905932719,2.474873734152929,APAC,Cell Site,Singapore
ST-01024,2025-01-13,2,1.125,0.3535533905932719,2.474873734152929,APAC,Cell Site,Thailand
ST-01022,2025-06-30,2,1.125,0.3535533905932719,2.474873734152929,EMEA,Cell Site,Austria
ST-01993,2025-04-28,2,1.125,0.3535533905932719,2.474873734152929,APAC,Warehouse,Indonesia
ST-00813,2024-10-14,2,1.125,0.3535533905932719,2.474873734152929,APAC,Warehouse,Singapore
ST-01898,2025-04-21,2,1.125,0.3535533905932719,2.474873734152929,AMER,Cell Site,Colombia
ST-01989,2024-05-13,2,1.125,0.3535533905932719,2.474873734152929,EMEA,Cell Site,Spain
ST-01886,2025-08-04,2,1.125,0.3535533905932719,2.474873734152929,EMEA,Cell Site,Italy
ST-01872,2023-12-11,2,1.125,0.3535533905932719,2.474873734152929,EMEA,Cell Site,Austria
ST-01886,2024-10-07,2,1.125,0.3535533905932719,2.474873734152929,EMEA,Cell Site,Italy
ST-00773,2024-12-09,2,1.125,0.353553390593272,2.4748737341529288,EMEA,Warehouse,Austria
ST-01812,2024-01-15,2,1.125,0.35355339059327195,2.4748737341529288,EMEA,Warehouse,Spain
ST-01870,2024-06-17,2,1.125,0.35355339059327195,2.4748737341529288,APAC,Cell Site,Singapore
ST-01184,2024-08-19,2,1.125,0.353553390593272,2.4748737341529288,EMEA,Data Center,Sweden
ST-01788,2024-09-02,2,1.125,0.353553390593272,2.4748737341529288,APAC,Cell Site,Japan
ST-01814,2025-06-09,2,1.125,0.35355339059327195,2.4748737341529288,EMEA,Cell Site,France
ST-01814,2025-04-21,2,1.125,0.35355339059327195,2.4748737341529288,EMEA,Cell Site,France
ST-01795,2024-01-22,2,1.125,0.353553390593272,2.4748737341529288,EMEA,Cell Site,Sweden
ST-01780,2024-12-30,2,1.125,0.353553390593272,2.4748737341529288,EMEA,Cell Site,Austria
ST-01827,2025-02-03,2,1.125,0.35355339059327195,2.4748737341529288,APAC,Cell Site,Thailand
ST-01816,2025-06-23,2,1.125,0.353553390593272,2.4748737341529288,EMEA,Cell Site,Italy
ST-01820,2024-09-16,2,1.125,0.35355339059327195,2.4748737341529288,EMEA,Cell Site,Netherlands
ST-01817,2025-04-07,2,1.125,0.35355339059327195,2.4748737341529288,APAC,Cell Site,Vietnam
ST-01830,2025-09-01,2,1.125,0.353553390593272,2.4748737341529288,EMEA,Cell Site,Netherlands
ST-01829,2025-04-07,2,1.125,0.353553390593272,2.4748737341529288,EMEA,Warehouse,UK
ST-01836,2024-10-07,2,1.125,0.353553390593272,2.4748737341529288,AMER,Data Center,Mexico
ST-01791,2024-09-23,2,1.125,0.35355339059327195,2.4748737341529288,AMER,Integration Center,Argentina
ST-01848,2024-07-08,2,1.125,0.35355339059327195,2.4748737341529288,APAC,Data Center,Malaysia
ST-01888,2024-06-24,2,1.125,0.35355339059327195,2.4748737341529288,EMEA,Integration Center,Sweden
ST-01852,2024-03-25,2,1.125,0.35355339059327195,2.4748737341529288,EMEA,Data Center,Germany
ST-01143,2025-06-02,2,1.125,0.35355339059327195,2.4748737341529288,EMEA,Data Center,Czechia
ST-01193,2025-04-21,2,1.125,0.353553390593272,2.4748737341529288,AMER,Warehouse,Chile
ST-01181,2025-02-24,2,1.125,0.35355339059327195,2.4748737341529288,APAC,Warehouse,China
ST-01143,2024-11-11,2,1.125,0.35355339059327195,2.4748737341529288,EMEA,Data Center,Czechia
ST-01111,2024-03-11,2,1.125,0.353553390593272,2.4748737341529288,EMEA,Cell Site,Sweden
ST-01842,2024-08-12,2,1.125,0.353553390593272,2.4748737341529288,APAC,Cell Site,Indonesia
ST-01840,2025-05-19,2,1.125,0.353553390593272,2.4748737341529288,EMEA,Integration Center,Czechia
ST-01865,2024-09-30,2,1.125,0.35355339059327195,2.4748737341529288,EMEA,Warehouse,Czechia
ST-01573,2024-02-12,2,1.125,0.353553390593272,2.4748737341529288,EMEA,Warehouse,Netherlands
ST-01039,2024-03-25,2,1.125,0.353553390593272,2.4748737341529288,APAC,Cell Site,Japan
ST-01572,2024-04-29,2,1.125,0.353553390593272,2.4748737341529288,APAC,Warehouse,Vietnam
ST-01031,2024-10-28,2,1.125,0.35355339059327195,2.4748737341529288,APAC,Integration Center,South Korea
ST-01038,2025-07-07,2,1.125,0.353553390593272,2.4748737341529288,EMEA,Cell Site,Poland
ST-01783,2025-07-14,2,1.125,0.35355339059327207,2.4748737341529283,EMEA,Cell Site,Italy
ST-01787,2024-10-07,2,1.125,0.35355339059327207,2.4748737341529283,EMEA,Data Center,Spain
ST-01785,2025-10-20,2,1.125,0.35355339059327207,2.4748737341529283,APAC,Warehouse,Japan
ST-00785,2025-03-10,2,1.125,0.35355339059327207,2.4748737341529283,EMEA,Cell Site,Italy
ST-00787,2025-04-21,2,1.125,0.35355339059327207,2.4748737341529283,EMEA,Data Center,Germany
ST-00781,2025-07-28,2,1.125,0.35355339059327207,2.4748737341529283,EMEA,Warehouse,Austria
ST-01566,2025-04-21,2,1.125,0.35355339059327207,2.4748737341529283,APAC,Integration Center,China
ST-01044,2025-07-14,2,1.125,0.35355339059327207,2.4748737341529283,EMEA,Cell Site,Netherlands
ST-01593,2024-06-03,2,1.125,0.35355339059327207,2.4748737341529283,EMEA,Cell Site,Austria
ST-01592,2024-06-10,2,1.125,0.35355339059327207,2.4748737341529283,EMEA,Integration Center,France
ST-01596,2025-10-13,2,1.125,0.35355339059327207,2.4748737341529283,APAC,Cell Site,Indonesia
ST-00785,2025-06-02,2,1.125,0.35355339059327207,2.4748737341529283,EMEA,Cell Site,Italy
ST-00774,2025-05-12,2,1.125,0.35355339059327207,2.4748737341529283,EMEA,Cell Site,Germany
ST-01569,2024-04-22,2,1.125,0.35355339059327207,2.4748737341529283,EMEA,Warehouse,Italy
ST-01118,2025-05-26,2,1.125,0.35355339059327207,2.4748737341529283,EMEA,Cell Site,Italy
ST-01150,2024-06-03,2,1.125,0.35355339059327207,2.4748737341529283,AMER,Warehouse,Chile
ST-01727,2025-02-03,2,1.125,0.3535533905932721,2.474873734152928,EMEA,Cell Site,Austria
ST-01640,2025-10-27,2,1.125,0.3535533905932721,2.474873734152928,APAC,Cell Site,Vietnam
ST-01635,2025-04-28,2,1.125,0.3535533905932721,2.474873734152928,AMER,Cell Site,Brazil
ST-01729,2025-04-14,2,1.125,0.3535533905932721,2.474873734152928,EMEA,Cell Site,Germany
ST-01728,2025-05-19,2,1.125,0.3535533905932721,2.474873734152928,EMEA,Cell Site,France
ST-01599,2024-08-19,2,1.125,0.3535533905932721,2.474873734152928,EMEA,Cell Site,Italy
ST-01599,2025-03-31,2,1.125,0.3535533905932721,2.474873734152928,EMEA,Cell Site,Italy
ST-01601,2024-08-26,2,1.125,0.3535533905932721,2.474873734152928,AMER,Warehouse,Canada
ST-01602,2024-10-28,2,1.125,0.3535533905932721,2.474873734152928,EMEA,Cell Site,Austria
ST-01073,2025-07-21,2,1.125,0.3535533905932721,2.474873734152928,APAC,Warehouse,China
ST-01108,2025-09-22,2,1.125,0.3535533905932721,2.474873734152928,APAC,Warehouse,China
ST-00795,2025-10-06,2,1.125,0.3535533905932721,2.474873734152928,APAC,Cell Site,Singapore
ST-01050,2025-03-31,2,1.125,0.3535533905932721,2.474873734152928,EMEA,Cell Site,France
ST-01675,2024-11-25,2,1.125,0.3535533905932721,2.474873734152928,EMEA,Cell Site,Italy
ST-01706,2024-11-11,2,1.125,0.3535533905932721,2.474873734152928,EMEA,Cell Site,Poland
ST-01701,2024-05-13,2,1.125,0.3535533905932721,2.474873734152928,EMEA,Data Center,Spain
ST-01686,2024-06-24,2,1.125,0.3535533905932721,2.474873734152928,AMER,Warehouse,Canada
ST-01197,2025-01-20,2,1.125,0.3535533905932721,2.474873734152928,EMEA,Cell Site,Netherlands
ST-00758,2023-12-11,2,1.125,0.3535533905932721,2.474873734152928,EMEA,Data Center,Sweden
ST-00760,2025-03-24,2,1.125,0.3535533905932721,2.474873734152928,EMEA,Cell Site,Poland
ST-00759,2024-02-19,2,1.125,0.3535533905932721,2.474873734152928,APAC,Data Center,Thailand
ST-01244,2025-09-08,2,1.125,0.3535533905932721,2.474873734152928,EMEA,Integration Center,Poland
ST-00777,2024-11-25,2,1.125,0.3535533905932721,2.474873734152928,EMEA,Cell Site,Spain
ST-00777,2024-10-07,2,1.125,0.3535533905932721,2.474873734152928,EMEA,Cell Site,Spain
ST-01155,2024-12-02,2,1.125,0.3535533905932721,2.474873734152928,AMER,Cell Site,Argentina
ST-01125,2024-06-17,2,1.125,0.3535533905932721,2.474873734152928,EMEA,Data Center,Austria
ST-01149,2024-01-15,2,1.125,0.3535533905932721,2.474873734152928,APAC,Cell Site,India
ST-01198,2025-05-26,2,1.125,0.3535533905932721,2.474873734152928,EMEA,Data Center,Germany
ST-01197,2025-04-07,2,1.125,0.3535533905932721,2.474873734152928,EMEA,Cell Site,Netherlands
ST-01161,2024-10-21,2,1.125,0.3535533905932721,2.474873734152928,EMEA,Warehouse,Spain
ST-01766,2025-09-29,2,1.125,0.3535533905932721,2.474873734152928,AMER,Cell Site,Brazil
ST-01665,2024-12-16,2,1.125,0.3535533905932721,2.474873734152928,APAC,Integration Center,Malaysia
ST-00776,2025-08-25,2,1.125,0.3535533905932721,2.474873734152928,EMEA,Warehouse,Germany
ST-01775,2024-06-10,2,1.125,0.3535533905932721,2.474873734152928,APAC,Cell Site,Singapore
ST-01630,2025-03-17,2,1.125,0.3535533905932722,2.4748737341529274,EMEA,Warehouse,France
ST-01631,2025-02-03,2,1.125,0.3535533905932722,2.4748737341529274,EMEA,Cell Site,Germany
ST-01630,2025-09-08,2,1.125,0.3535533905932722,2.4748737341529274,EMEA,Warehouse,France
ST-01582,2025-07-21,2,1.125,0.3535533905932722,2.4748737341529274,EMEA,Warehouse,France
ST-01577,2025-04-21,2,1.125,0.3535533905932722,2.4748737341529274,AMER,Integration Center,USA
ST-01390,2025-07-14,2,1.125,0.3535533905932722,2.4748737341529274,EMEA,Integration Center,Poland
ST-01399,2023-12-25,2,1.125,0.3535533905932722,2.4748737341529274,APAC,Data Center,China
ST-01749,2025-02-24,2,1.125,0.3535533905932722,2.4748737341529274,EMEA,Warehouse,Austria
ST-01747,2024-03-04,2,1.125,0.3535533905932722,2.4748737341529274,EMEA,Integration Center,Spain
ST-01654,2024-12-30,2,1.125,0.3535533905932722,2.4748737341529274,APAC,Warehouse,South Korea
ST-01633,2025-07-07,2,1.125,0.3535533905932722,2.4748737341529274,EMEA,Cell Site,Germany
ST-01721,2024-07-15,2,1.125,0.3535533905932722,2.4748737341529274,APAC,Data Center,South Korea
ST-01220,2025-05-05,2,1.125,0.3535533905932722,2.4748737341529274,AMER,Warehouse,Brazil
ST-00778,2024-08-12,2,1.125,0.3535533905932722,2.4748737341529274,APAC,Cell Site,India
ST-01205,2025-06-09,2,1.125,0.3535533905932722,2.4748737341529274,AMER,Warehouse,Canada
ST-00748,2024-06-24,2,1.125,0.3535533905932722,2.4748737341529274,EMEA,Cell Site,UK
ST-00748,2025-01-13,2,1.125,0.3535533905932722,2.4748737341529274,EMEA,Cell Site,UK
ST-00771,2024-10-14,2,1.125,0.3535533905932722,2.4748737341529274,AMER,Warehouse,Chile
ST-00745,2024-07-08,2,1.125,0.3535533905932722,2.4748737341529274,EMEA,Warehouse,Netherlands
ST-01220,2023-10-16,2,1.125,0.3535533905932722,2.4748737341529274,AMER,Warehouse,Brazil
ST-01751,2023-10-16,2,1.125,0.3535533905932722,2.4748737341529274,EMEA,Cell Site,France
ST-01202,2025-03-31,2,1.125,0.3535533905932722,2.4748737341529274,EMEA,Data Center,UK
ST-01203,2024-09-23,2,1.125,0.3535533905932722,2.4748737341529274,EMEA,Cell Site,Netherlands
ST-01087,2023-11-27,2,1.125,0.3535533905932722,2.4748737341529274,AMER,Cell Site,Colombia
ST-01064,2025-02-24,2,1.125,0.3535533905932722,2.4748737341529274,APAC,Cell Site,China
ST-01051,2025-07-14,2,1.125,0.3535533905932722,2.4748737341529274,EMEA,Warehouse,Germany
ST-01629,2024-11-18,2,1.125,0.3535533905932722,2.4748737341529274,AMER,Warehouse,Chile
ST-01089,2025-09-01,2,1.125,0.3535533905932722,2.4748737341529274,EMEA,Cell Site,Spain
ST-01750,2025-06-09,2,1.125,0.3535533905932722,2.4748737341529274,APAC,Cell Site,Malaysia
ST-01706,2025-01-06,2,1.125,0.3535533905932722,2.4748737341529274,EMEA,Cell Site,Poland
ST-01672,2024-03-04,2,1.125,0.3535533905932722,2.4748737341529274,EMEA,Warehouse,Italy
ST-01666,2023-12-11,2,1.125,0.3535533905932722,2.4748737341529274,EMEA,Warehouse,Poland
ST-01674,2025-05-19,2,1.125,0.3535533905932722,2.4748737341529274,EMEA,Data Center,Austria
ST-01674,2025-01-06,2,1.125,0.3535533905932722,2.4748737341529274,EMEA,Data Center,Austria
ST-01609,2024-12-02,2,1.125,0.3535533905932722,2.4748737341529274,AMER,Warehouse,Mexico
ST-01727,2025-07-07,2,1.125,0.3535533905932722,2.4748737341529274,EMEA,Cell Site,Austria
ST-01101,2024-05-27,2,1.125,0.3535533905932722,2.4748737341529274,EMEA,Cell Site,UK
ST-01103,2025-05-19,2,1.125,0.3535533905932722,2.4748737341529274,EMEA,Cell Site,Netherlands
ST-01102,2025-01-20,2,1.125,0.3535533905932722,2.4748737341529274,APAC,Warehouse,China
ST-01065,2025-06-16,2,1.125,0.3535533905932722,2.4748737341529274,AMER,Warehouse,Canada
ST-01057,2024-07-08,2,1.125,0.3535533905932722,2.4748737341529274,EMEA,Cell Site,Germany
ST-01051,2023-12-11,2,1.125,0.3535533905932722,2.4748737341529274,EMEA,Warehouse,Germany
ST-01396,2025-06-23,2,1.125,0.35355339059327223,2.474873734152927,EMEA,Warehouse,Germany
ST-01224,2024-07-29,2,1.125,0.35355339059327223,2.474873734152927,AMER,Integration Center,Canada
ST-01237,2025-10-20,2,1.125,0.35355339059327223,2.474873734152927,EMEA,Cell Site,Czechia
ST-01646,2024-03-18,2,1.125,0.35355339059327223,2.474873734152927,EMEA,Data Center,Sweden
ST-01646,2024-04-22,2,1.125,0.35355339059327223,2.474873734152927,EMEA,Data Center,Sweden
ST-01656,2024-12-09,2,1.125,0.35355339059327223,2.474873734152927,APAC,Cell Site,India
ST-01393,2025-10-06,2,1.125,0.35355339059327223,2.474873734152927,APAC,Integration Center,China
ST-01735,2025-07-07,2,1.125,0.35355339059327223,2.474873734152927,AMER,Warehouse,Chile
ST-01559,2024-12-30,2,1.125,0.35355339059327223,2.474873734152927,AMER,Cell Site,Canada
ST-01135,2025-07-28,2,1.125,0.35355339059327223,2.474873734152927,APAC,Warehouse,South Korea
ST-01226,2025-09-22,2,1.125,0.35355339059327223,2.474873734152927,EMEA,Cell Site,Italy
ST-01335,2024-03-18,2,1.125,0.35355339059327223,2.474873734152927,EMEA,Cell Site,Sweden
ST-01324,2025-07-14,2,1.125,0.35355339059327223,2.474873734152927,AMER,Integration Center,Argentina
ST-01365,2025-09-29,2,1.125,0.35355339059327223,2.474873734152927,EMEA,Warehouse,Italy
ST-01347,2024-04-29,2,1.125,0.35355339059327223,2.474873734152927,AMER,Warehouse,Argentina
ST-01424,2025-04-28,2,1.125,0.35355339059327223,2.474873734152927,AMER,Cell Site,Colombia
ST-01424,2024-09-16,2,1.125,0.35355339059327223,2.474873734152927,AMER,Cell Site,Colombia
ST-01656,2023-11-13,2,1.125,0.35355339059327223,2.474873734152927,APAC,Cell Site,India
ST-01656,2024-03-18,2,1.125,0.35355339059327223,2.474873734152927,APAC,Cell Site,India
ST-01771,2025-04-14,2,1.125,0.35355339059327223,2.474873734152927,AMER,Warehouse,Brazil
ST-01556,2024-02-12,2,1.125,0.3535533905932723,2.4748737341529266,EMEA,Data Center,Germany
ST-01437,2024-11-04,2,1.125,0.3535533905932723,2.4748737341529266,AMER,Cell Site,Colombia
ST-01352,2025-07-14,2,1.125,0.3535533905932723,2.4748737341529266,EMEA,Cell Site,Spain
ST-01343,2025-08-11,2,1.125,0.3535533905932723,2.4748737341529266,EMEA,Cell Site,Czechia
ST-01349,2025-06-09,2,1.125,0.3535533905932723,2.4748737341529266,APAC,Warehouse,Vietnam
ST-01448,2025-10-20,2,1.125,0.3535533905932723,2.4748737341529266,APAC,Cell Site,India
ST-01421,2025-08-18,2,1.125,0.3535533905932723,2.4748737341529266,EMEA,Warehouse,Netherlands
ST-01420,2024-08-19,2,1.125,0.3535533905932723,2.4748737341529266,APAC,Cell Site,Malaysia
ST-01416,2025-09-15,2,1.125,0.3535533905932723,2.4748737341529266,APAC,Warehouse,Singapore
ST-01413,2024-12-30,2,1.125,0.3535533905932723,2.4748737341529266,EMEA,Warehouse,Poland
ST-01361,2024-12-02,2,1.125,0.3535533905932723,2.4748737341529266,EMEA,Integration Center,Czechia
ST-01411,2024-07-15,2,1.125,0.3535533905932723,2.4748737341529266,EMEA,Cell Site,France
ST-01388,2025-05-19,2,1.125,0.35355339059327234,2.474873734152926,APAC,Cell Site,Malaysia
ST-01386,2025-09-15,2,1.125,0.35355339059327234,2.474873734152926,EMEA,Data Center,Netherlands
ST-01386,2024-11-25,2,1.125,0.35355339059327234,2.474873734152926,EMEA,Data Center,Netherlands
ST-01377,2025-08-04,2,1.125,0.35355339059327234,2.474873734152926,EMEA,Cell Site,Italy
ST-01520,2025-08-11,2,1.125,0.35355339059327234,2.474873734152926,EMEA,Cell Site,Poland
ST-01260,2024-10-07,2,1.125,0.35355339059327234,2.474873734152926,EMEA,Cell Site,Poland
ST-01285,2025-08-04,2,1.125,0.35355339059327234,2.474873734152926,EMEA,Cell Site,Germany
ST-01509,2024-09-23,2,1.125,0.35355339059327234,2.474873734152926,EMEA,Cell Site,France
ST-01293,2025-09-29,2,1.125,0.35355339059327234,2.474873734152926,EMEA,Cell Site,Poland
ST-01285,2024-09-02,2,1.125,0.35355339059327234,2.474873734152926,EMEA,Cell Site,Germany
ST-01354,2024-07-29,2,1.125,0.35355339059327234,2.474873734152926,EMEA,Data Center,Spain
ST-01556,2025-06-02,2,1.125,0.35355339059327234,2.474873734152926,EMEA,Data Center,Germany
ST-01556,2025-08-25,2,1.125,0.35355339059327234,2.474873734152926,EMEA,Data Center,Germany
ST-01383,2024-06-03,2,1.125,0.35355339059327234,2.474873734152926,APAC,Cell Site,Thailand
ST-01374,2025-07-14,2,1.125,0.35355339059327234,2.474873734152926,EMEA,Cell Site,France
ST-01455,2024-07-29,2,1.125,0.35355339059327234,2.474873734152926,AMER,Warehouse,Canada
ST-01230,2024-05-13,2,1.125,0.35355339059327234,2.474873734152926,EMEA,Integration Center,Netherlands
ST-01557,2025-10-06,2,1.125,0.35355339059327234,2.474873734152926,EMEA,Warehouse,Sweden
ST-01260,2023-11-13,2,1.125,0.35355339059327234,2.474873734152926,EMEA,Cell Site,Poland
ST-01481,2025-03-10,2,1.125,0.3535533905932724,2.4748737341529257,EMEA,Cell Site,Austria
ST-01478,2024-08-12,2,1.125,0.3535533905932724,2.4748737341529257,EMEA,Cell Site,Austria
ST-01487,2025-06-30,2,1.125,0.3535533905932724,2.4748737341529257,EMEA,Warehouse,France
ST-00706,2025-08-04,2,1.125,0.3535533905932724,2.4748737341529257,EMEA,Warehouse,Czechia
ST-01533,2025-02-03,2,1.125,0.3535533905932724,2.4748737341529257,APAC,Cell Site,Indonesia
ST-01530,2023-10-23,2,1.125,0.3535533905932724,2.4748737341529257,AMER,Warehouse,Chile
ST-01491,2025-01-20,2,1.125,0.3535533905932724,2.4748737341529257,EMEA,Data Center,Sweden
ST-01481,2025-02-17,2,1.125,0.3535533905932724,2.4748737341529257,EMEA,Cell Site,Austria
ST-01478,2025-08-25,2,1.125,0.3535533905932724,2.4748737341529257,EMEA,Cell Site,Austria
ST-01551,2025-10-27,2,1.125,0.3535533905932724,2.4748737341529257,EMEA,Cell Site,Czechia
ST-01274,2024-09-30,2,1.125,0.35355339059327245,2.4748737341529257,APAC,Data Center,Thailand
ST-01268,2024-04-15,2,1.125,0.3535533905932724,2.4748737341529257,AMER,Cell Site,Chile
ST-01274,2024-01-15,2,1.125,0.35355339059327245,2.4748737341529257,APAC,Data Center,Thailand
ST-01536,2025-09-22,2,1.125,0.35355339059327245,2.4748737341529257,EMEA,Cell Site,Czechia
ST-01467,2025-07-21,2,1.125,0.3535533905932724,2.4748737341529257,EMEA,Integration Center,Poland
ST-01462,2024-09-02,2,1.125,0.3535533905932724,2.4748737341529257,EMEA,Warehouse,Austria
ST-01476,2024-07-01,2,1.125,0.3535533905932724,2.4748737341529257,APAC,Warehouse,Japan
ST-00730,2025-06-09,2,1.125,0.3535533905932724,2.4748737341529257,EMEA,Cell Site,Sweden
ST-01552,2024-07-29,2,1.125,0.3535533905932724,2.4748737341529257,EMEA,Cell Site,UK
ST-01511,2025-07-07,2,1.125,0.3535533905932724,2.4748737341529257,EMEA,Cell Site,Italy
ST-01493,2025-11-03,2,1.125,0.3535533905932724,2.4748737341529257,AMER,Cell Site,Argentina
ST-01498,2025-02-03,2,1.125,0.35355339059327245,2.4748737341529257,AMER,Cell Site,Chile
ST-01491,2025-06-16,2,1.125,0.3535533905932724,2.4748737341529257,EMEA,Data Center,Sweden
ST-01294,2025-03-31,2,1.125,0.3535533905932724,2.4748737341529257,EMEA,Warehouse,UK
ST-01492,2024-06-10,2,1.125,0.3535533905932724,2.4748737341529257,EMEA,Warehouse,Netherlands
ST-00711,2024-11-25,2,1.125,0.3535533905932725,2.474873734152925,EMEA,Warehouse,Austria
ST-01317,2024-10-14,2,1.125,0.3535533905932725,2.474873734152925,EMEA,Cell Site,Austria
ST-01538,2025-07-21,2,1.125,0.3535533905932725,2.474873734152925,APAC,Warehouse,Singapore
ST-01310,2024-07-29,2,1.125,0.3535533905932725,2.474873734152925,EMEA,Cell Site,France
ST-01301,2025-02-03,2,1.125,0.3535533905932725,2.474873734152925,EMEA,Cell Site,Netherlands
ST-00712,2024-04-01,2,1.125,0.3535533905932725,2.474873734152925,EMEA,Data Center,France
ST-00720,2024-11-18,2,1.125,0.3535533905932725,2.474873734152925,AMER,Cell Site,Brazil
ST-00712,2025-07-21,2,1.125,0.3535533905932725,2.474873734152925,EMEA,Data Center,France
ST-00720,2025-09-15,2,1.125,0.3535533905932725,2.474873734152925,AMER,Cell Site,Brazil
ST-00358,2024-04-08,2,1.125,0.35355339059327257,2.4748737341529248,EMEA,Warehouse,Czechia
ST-01321,2025-08-18,2,1.125,0.35355339059327257,2.4748737341529248,EMEA,Warehouse,Spain
ST-00358,2023-12-25,2,1.125,0.35355339059327257,2.4748737341529248,EMEA,Warehouse,Czechia
ST-00355,2024-08-19,2,1.125,0.35355339059327257,2.4748737341529248,EMEA,Data Center,Poland
ST-01539,2024-11-25,2,1.125,0.35355339059327257,2.4748737341529248,EMEA,Cell Site,Italy
ST-01539,2025-07-21,2,1.125,0.35355339059327257,2.4748737341529248,EMEA,Cell Site,Italy
ST-00373,2025-08-04,2,1.125,0.3535533905932726,2.4748737341529243,EMEA,Integration Center,Italy
ST-00361,2025-10-27,2,1.125,0.3535533905932726,2.4748737341529243,EMEA,Warehouse,Spain
ST-00373,2024-12-23,2,1.125,0.3535533905932726,2.4748737341529243,EMEA,Integration Center,Italy
ST-00364,2024-02-05,2,1.125,0.3535533905932726,2.4748737341529243,APAC,Cell Site,South Korea
ST-00375,2025-08-04,2,1.125,0.3535533905932726,2.4748737341529243,EMEA,Cell Site,Austria
ST-00375,2025-05-12,2,1.125,0.3535533905932726,2.4748737341529243,EMEA,Cell Site,Austria
ST-00346,2025-07-07,2,1.125,0.3535533905932727,2.474873734152924,EMEA,Warehouse,Netherlands
ST-00343,2023-10-02,2,1.125,0.3535533905932727,2.474873734152924,EMEA,Cell Site,Netherlands
ST-00376,2024-01-22,2,1.125,0.3535533905932727,2.474873734152924,EMEA,Cell Site,Germany
ST-00390,2025-01-27,2,1.125,0.35355339059327273,2.4748737341529234,APAC,Cell Site,Singapore
ST-00287,2024-09-02,2,1.125,0.35355339059327273,2.4748737341529234,EMEA,Integration Center,Germany
ST-00337,2024-10-07,2,1.125,0.35355339059327273,2.4748737341529234,APAC,Data Center,Indonesia
ST-00289,2025-09-08,2,1.125,0.35355339059327273,2.4748737341529234,APAC,Warehouse,Singapore
ST-00325,2024-01-08,2,1.125,0.3535533905932728,2.474873734152923,EMEA,Data Center,Germany
ST-00304,2024-07-22,2,1.125,0.3535533905932728,2.474873734152923,APAC,Cell Site,Indonesia
ST-00307,2024-07-15,2,1.125,0.3535533905932728,2.474873734152923,EMEA,Cell Site,Germany
ST-00325,2024-10-14,2,1.125,0.3535533905932728,2.474873734152923,EMEA,Data Center,Germany
ST-00302,2025-09-29,2,1.125,0.3535533905932728,2.474873734152923,EMEA,Data Center,Italy
ST-00332,2024-06-17,2,1.125,0.3535533905932728,2.474873734152923,AMER,Cell Site,USA
ST-00301,2025-10-20,2,1.125,0.3535533905932728,2.474873734152923,EMEA,Warehouse,Poland
ST-00688,2024-03-18,2,1.125,0.3535533905932728,2.474873734152923,APAC,Cell Site,South Korea
ST-00389,2024-04-08,2,1.125,0.3535533905932728,2.474873734152923,EMEA,Cell Site,France
ST-00386,2025-01-27,2,1.125,0.3535533905932728,2.474873734152923,APAC,Cell Site,Japan
ST-00693,2024-04-15,2,1.125,0.3535533905932728,2.474873734152923,EMEA,Cell Site,Netherlands
ST-00687,2025-04-21,2,1.125,0.3535533905932728,2.474873734152923,EMEA,Cell Site,Czechia
ST-00672,2024-06-10,2,1.125,0.35355339059327284,2.4748737341529226,EMEA,Cell Site,Germany
ST-00670,2025-03-17,2,1.125,0.35355339059327284,2.4748737341529226,APAC,Cell Site,China
ST-00311,2024-03-18,2,1.125,0.3535533905932729,2.4748737341529226,EMEA,Cell Site,Italy
ST-00322,2024-12-30,2,1.125,0.35355339059327284,2.4748737341529226,EMEA,Integration Center,Austria
ST-00311,2024-10-21,2,1.125,0.3535533905932729,2.4748737341529226,EMEA,Cell Site,Italy
ST-00681,2024-07-08,2,1.125,0.35355339059327284,2.4748737341529226,AMER,Cell Site,Colombia
ST-00682,2025-01-27,2,1.125,0.35355339059327284,2.4748737341529226,EMEA,Warehouse,Austria
ST-00424,2025-03-10,2,1.125,0.35355339059327284,2.4748737341529226,EMEA,Warehouse,Netherlands
ST-00285,2025-09-29,2,1.125,0.35355339059327284,2.4748737341529226,APAC,Data Center,Japan
ST-00678,2025-07-28,2,1.125,0.35355339059327284,2.4748737341529226,AMER,Cell Site,USA
ST-00404,2025-10-06,2,1.125,0.35355339059327284,2.4748737341529226,AMER,Cell Site,Colombia
ST-00404,2025-03-31,2,1.125,0.35355339059327284,2.4748737341529226,AMER,Cell Site,Colombia
ST-00311,2024-12-09,2,1.125,0.3535533905932729,2.4748737341529226,EMEA,Cell Site,Italy
ST-00316,2025-08-25,2,1.125,0.35355339059327284,2.4748737341529226,EMEA,Warehouse,Germany
ST-00399,2025-03-17,2,1.125,0.3535533905932729,2.4748737341529226,EMEA,Cell Site,Austria
ST-00425,2025-06-16,2,1.125,0.35355339059327284,2.4748737341529226,AMER,Warehouse,Chile
ST-00437,2024-12-09,2,1.125,0.3535533905932729,2.4748737341529226,APAC,Cell Site,Indonesia
ST-00422,2025-09-08,2,1.125,0.35355339059327284,2.4748737341529226,AMER,Cell Site,Mexico
ST-00417,2024-05-20,2,1.125,0.35355339059327284,2.4748737341529226,EMEA,Cell Site,France
ST-00433,2025-06-09,2,1.125,0.3535533905932729,2.4748737341529226,EMEA,Cell Site,Austria
ST-00438,2025-04-21,2,1.125,0.35355339059327295,2.474873734152922,EMEA,Integration Center,Netherlands
ST-00435,2024-09-02,2,1.125,0.35355339059327295,2.474873734152922,EMEA,Integration Center,Poland
ST-00438,2025-08-25,2,1.125,0.35355339059327295,2.474873734152922,EMEA,Integration Center,Netherlands
ST-00409,2024-07-01,2,1.125,0.35355339059327295,2.474873734152922,APAC,Warehouse,Thailand
ST-00258,2025-04-14,2,1.125,0.353553390593273,2.4748737341529217,APAC,Cell Site,Australia
ST-00444,2025-05-26,2,1.125,0.353553390593273,2.4748737341529217,EMEA,Warehouse,Germany
ST-00258,2024-12-16,2,1.125,0.353553390593273,2.4748737341529217,APAC,Cell Site,Australia
ST-00667,2024-05-20,2,1.125,0.353553390593273,2.4748737341529217,APAC,Cell Site,South Korea
ST-00439,2024-12-16,2,1.125,0.353553390593273,2.4748737341529217,EMEA,Integration Center,Poland
ST-00441,2024-02-19,2,1.125,0.353553390593273,2.4748737341529217,APAC,Cell Site,Indonesia
ST-00279,2024-07-22,2,1.125,0.353553390593273,2.4748737341529217,EMEA,Integration Center,Poland
ST-00265,2024-08-19,2,1.125,0.353553390593273,2.4748737341529217,AMER,Data Center,Canada
ST-00645,2025-09-15,2,1.125,0.3535533905932731,2.474873734152921,EMEA,Cell Site,Italy
ST-00651,2025-07-14,2,1.125,0.3535533905932731,2.474873734152921,APAC,Warehouse,Japan
ST-00657,2024-11-04,2,1.125,0.3535533905932731,2.474873734152921,EMEA,Warehouse,Italy
ST-00645,2024-10-14,2,1.125,0.3535533905932731,2.474873734152921,EMEA,Cell Site,Italy
ST-00273,2025-01-20,2,1.125,0.3535533905932731,2.474873734152921,EMEA,Integration Center,Austria
ST-00259,2025-07-14,2,1.125,0.3535533905932731,2.474873734152921,APAC,Integration Center,Indonesia
ST-00451,2025-10-27,2,1.125,0.3535533905932731,2.474873734152921,APAC,Cell Site,Indonesia
ST-00525,2025-06-30,2,1.125,0.3535533905932732,2.4748737341529203,EMEA,Integration Center,Austria
ST-00525,2024-08-05,2,1.125,0.3535533905932732,2.4748737341529203,EMEA,Integration Center,Austria
ST-00453,2025-06-30,2,1.125,0.3535533905932732,2.4748737341529203,EMEA,Data Center,Spain
ST-00632,2024-05-27,2,1.125,0.35355339059327323,2.47487373415292,AMER,Cell Site,Chile
ST-00520,2025-10-13,2,1.125,0.35355339059327323,2.47487373415292,EMEA,Cell Site,Germany
ST-00527,2025-01-06,2,1.125,0.35355339059327323,2.47487373415292,EMEA,Cell Site,Poland
ST-00638,2025-04-28,2,1.125,0.35355339059327323,2.47487373415292,EMEA,Warehouse,Spain
ST-00517,2025-01-13,2,1.125,0.35355339059327323,2.47487373415292,AMER,Cell Site,USA
ST-00634,2025-08-11,2,1.125,0.35355339059327323,2.47487373415292,EMEA,Warehouse,France
ST-00619,2024-10-21,2,1.125,0.35355339059327323,2.47487373415292,EMEA,Cell Site,Netherlands
ST-00516,2025-01-27,2,1.125,0.35355339059327323,2.47487373415292,AMER,Cell Site,Brazil
ST-00462,2024-01-22,2,1.125,0.35355339059327323,2.47487373415292,EMEA,Cell Site,France
ST-00461,2024-11-04,2,1.125,0.35355339059327323,2.47487373415292,EMEA,Cell Site,UK
ST-00462,2025-03-10,2,1.125,0.35355339059327323,2.47487373415292,EMEA,Cell Site,France
ST-00243,2025-08-25,2,1.125,0.35355339059327323,2.47487373415292,EMEA,Cell Site,Czechia
ST-00243,2024-12-16,2,1.125,0.35355339059327323,2.47487373415292,EMEA,Cell Site,Czechia
ST-00519,2024-03-25,2,1.125,0.35355339059327323,2.47487373415292,EMEA,Cell Site,UK
ST-00496,2023-12-04,2,1.125,0.3535533905932733,2.4748737341529194,EMEA,Cell Site,Italy
ST-00544,2024-06-17,2,1.125,0.35355339059327334,2.4748737341529194,EMEA,Data Center,Czechia
ST-00237,2025-03-10,2,1.125,0.35355339059327334,2.4748737341529194,APAC,Cell Site,Australia
ST-00611,2024-05-13,2,1.125,0.3535533905932733,2.4748737341529194,APAC,Cell Site,Thailand
ST-00546,2025-02-24,2,1.125,0.35355339059327334,2.4748737341529194,EMEA,Cell Site,Italy
ST-00239,2025-08-18,2,1.125,0.35355339059327334,2.4748737341529194,AMER,Data Center,Brazil
ST-00621,2024-08-12,2,1.125,0.3535533905932733,2.4748737341529194,APAC,Integration Center,Malaysia
ST-00510,2025-06-02,2,1.125,0.3535533905932733,2.4748737341529194,EMEA,Cell Site,Austria
ST-00463,2025-01-27,2,1.125,0.3535533905932733,2.4748737341529194,EMEA,Cell Site,Poland
ST-00471,2025-07-21,2,1.125,0.35355339059327334,2.4748737341529194,EMEA,Warehouse,Netherlands
ST-00506,2024-12-30,2,1.125,0.3535533905932733,2.4748737341529194,AMER,Warehouse,Chile
ST-00507,2025-06-02,2,1.125,0.3535533905932733,2.4748737341529194,EMEA,Cell Site,Italy
ST-00532,2025-09-29,2,1.125,0.3535533905932733,2.4748737341529194,APAC,Cell Site,Malaysia
ST-00495,2024-12-23,2,1.125,0.3535533905932733,2.4748737341529194,EMEA,Warehouse,Sweden
ST-00488,2025-04-14,2,1.125,0.35355339059327334,2.4748737341529194,EMEA,Cell Site,Czechia
ST-00507,2025-01-20,2,1.125,0.3535533905932733,2.4748737341529194,EMEA,Cell Site,Italy
ST-00498,2025-02-10,2,1.125,0.3535533905932733,2.4748737341529194,EMEA,Data Center,Germany
ST-00539,2025-01-27,2,1.125,0.3535533905932734,2.474873734152919,EMEA,Cell Site,Germany
ST-00474,2025-06-02,2,1.125,0.3535533905932734,2.474873734152919,APAC,Warehouse,Vietnam
ST-00490,2024-09-09,2,1.125,0.3535533905932734,2.474873734152919,AMER,Cell Site,USA
ST-00481,2025-10-13,2,1.125,0.3535533905932734,2.474873734152919,AMER,Cell Site,USA
ST-00481,2024-12-30,2,1.125,0.3535533905932734,2.474873734152919,AMER,Cell Site,USA
ST-00472,2025-08-25,2,1.125,0.3535533905932734,2.474873734152919,APAC,Cell Site,Vietnam
ST-00477,2024-08-26,2,1.125,0.35355339059327345,2.4748737341529186,AMER,Warehouse,Chile
ST-00236,2024-12-23,2,1.125,0.35355339059327345,2.4748737341529186,AMER,Data Center,USA
ST-00593,2024-06-24,2,1.125,0.3535533905932735,2.474873734152918,APAC,Cell Site,Thailand
ST-00591,2024-10-14,2,1.125,0.3535533905932735,2.474873734152918,EMEA,Cell Site,Poland
ST-00575,2025-05-12,2,1.125,0.35355339059327356,2.4748737341529177,APAC,Cell Site,India
ST-00567,2025-04-14,2,1.125,0.35355339059327356,2.4748737341529177,AMER,Cell Site,Mexico
ST-00564,2024-06-10,2,1.125,0.35355339059327356,2.4748737341529177,AMER,Cell Site,Mexico
ST-00571,2025-01-20,2,1.125,0.3535533905932736,2.4748737341529172,APAC,Warehouse,Singapore
ST-00586,2025-05-05,2,1.125,0.3535533905932736,2.4748737341529172,APAC,Cell Site,Australia
ST-00580,2025-09-22,2,1.125,0.3535533905932736,2.4748737341529172,EMEA,Cell Site,Sweden
ST-00203,2024-10-28,2,1.125,0.3535533905932737,2.474873734152917,EMEA,Cell Site,Netherlands
ST-00203,2024-08-05,2,1.125,0.3535533905932737,2.474873734152917,EMEA,Cell Site,Netherlands
ST-00148,2024-02-12,2,1.125,0.3535533905932738,2.4748737341529163,APAC,Cell Site,Indonesia
ST-00198,2025-06-30,2,1.125,0.35355339059327373,2.4748737341529163,AMER,Integration Center,Argentina
ST-00191,2025-10-20,2,1.125,0.3535533905932738,2.4748737341529163,EMEA,Warehouse,Italy
ST-00198,2025-01-20,2,1.125,0.35355339059327373,2.4748737341529163,AMER,Integration Center,Argentina
ST-00149,2024-09-02,2,1.125,0.3535533905932738,2.4748737341529163,EMEA,Cell Site,Netherlands
ST-00191,2024-03-11,2,1.125,0.3535533905932738,2.4748737341529163,EMEA,Warehouse,Italy
ST-00194,2025-03-31,2,1.125,0.3535533905932738,2.4748737341529163,APAC,Warehouse,Australia
ST-00214,2024-04-01,2,1.125,0.3535533905932738,2.4748737341529163,EMEA,Integration Center,UK
ST-00002,2024-01-15,2,1.125,0.3535533905932738,2.4748737341529163,APAC,Cell Site,South Korea
ST-00001,2025-03-17,2,1.125,0.3535533905932738,2.4748737341529163,EMEA,Cell Site,Italy
ST-00001,2025-09-22,2,1.125,0.3535533905932738,2.4748737341529163,EMEA,Cell Site,Italy
ST-00034,2024-07-29,2,1.125,0.35355339059327384,2.474873734152916,AMER,Cell Site,Colombia
ST-00033,2024-07-22,2,1.125,0.35355339059327384,2.474873734152916,AMER,Warehouse,Colombia
ST-00137,2025-01-13,2,1.125,0.35355339059327384,2.474873734152916,EMEA,Cell Site,Sweden
ST-00171,2025-07-21,2,1.125,0.35355339059327384,2.474873734152916,EMEA,Warehouse,Italy
ST-00143,2024-07-08,2,1.125,0.35355339059327384,2.474873734152916,EMEA,Cell Site,Italy
ST-00212,2025-06-09,2,1.125,0.35355339059327384,2.474873734152916,EMEA,Cell Site,France
ST-00169,2025-05-12,2,1.125,0.35355339059327384,2.474873734152916,AMER,Cell Site,Canada
ST-00151,2025-05-12,2,1.125,0.35355339059327384,2.474873734152916,EMEA,Cell Site,UK
ST-00167,2025-10-20,2,1.125,0.35355339059327384,2.474873734152916,AMER,Cell Site,USA
ST-00062,2025-08-04,2,1.125,0.3535533905932739,2.4748737341529154,EMEA,Cell Site,Czechia
ST-00063,2024-09-09,2,1.125,0.3535533905932739,2.4748737341529154,APAC,Cell Site,Australia
ST-00069,2025-09-22,2,1.125,0.3535533905932739,2.4748737341529154,EMEA,Cell Site,UK
ST-00086,2025-08-04,2,1.125,0.3535533905932739,2.4748737341529154,EMEA,Cell Site,France
ST-00164,2025-07-14,2,1.125,0.3535533905932739,2.4748737341529154,EMEA,Warehouse,Poland
ST-00173,2025-05-19,2,1.125,0.3535533905932739,2.4748737341529154,APAC,Warehouse,Vietnam
ST-00162,2023-12-18,2,1.125,0.3535533905932739,2.4748737341529154,EMEA,Cell Site,Germany
ST-00164,2025-02-24,2,1.125,0.3535533905932739,2.4748737341529154,EMEA,Warehouse,Poland
ST-00133,2024-05-06,2,1.125,0.3535533905932739,2.4748737341529154,EMEA,Cell Site,Germany
ST-00138,2025-10-06,2,1.125,0.3535533905932739,2.4748737341529154,AMER,Warehouse,Canada
ST-00140,2025-09-08,2,1.125,0.3535533905932739,2.4748737341529154,EMEA,Cell Site,Sweden
ST-00061,2024-10-07,2,1.125,0.35355339059327395,2.474873734152915,EMEA,Cell Site,Italy
ST-00174,2025-03-17,2,1.125,0.35355339059327395,2.474873734152915,EMEA,Integration Center,Austria
ST-00091,2024-08-05,2,1.125,0.35355339059327395,2.474873734152915,AMER,Cell Site,Chile
ST-00178,2024-02-05,2,1.125,0.35355339059327395,2.474873734152915,APAC,Cell Site,Japan
ST-00089,2024-11-04,2,1.125,0.35355339059327395,2.474873734152915,EMEA,Cell Site,Germany
ST-00071,2024-12-02,2,1.125,0.353553390593274,2.4748737341529146,AMER,Cell Site,Mexico
ST-00073,2024-12-16,2,1.125,0.353553390593274,2.4748737341529146,AMER,Integration Center,USA
ST-00100,2025-05-05,2,1.125,0.35355339059327406,2.474873734152914,EMEA,Integration Center,France
ST-00116,2025-10-27,2,1.125,0.3535533905932742,2.4748737341529132,APAC,Warehouse,South Korea
ST-00111,2025-06-16,2,1.125,0.3535533905932742,2.4748737341529132,EMEA,Integration Center,France
ST-00129,2025-10-13,2,1.125,0.3535533905932742,2.4748737341529132,APAC,Cell Site,India
ST-00127,2025-01-13,2,1.125,0.3535533905932742,2.4748737341529132,AMER,Cell Site,Chile
ST-00107,2025-05-19,2,1.125,0.3535533905932742,2.4748737341529132,APAC,Warehouse,Australia
ST-00121,2024-04-15,2,1.125,0.3535533905932742,2.4748737341529132,EMEA,Cell Site,Germany
ST-00108,2025-07-14,2,1.125,0.3535533905932742,2.4748737341529132,EMEA,Cell Site,Netherlands
ST-00869,2023-09-25,2,1.1428571428571428,0.3779644730092245,2.26778683805538,EMEA,Data Center,Poland
ST-00868,2023-06-12,2,1.1428571428571428,0.3779644730092245,2.26778683805538,EMEA,Warehouse,Czechia
ST-00873,2023-01-09,2,1.1428571428571428,0.3779644730092246,2.2677868380553794,APAC,Warehouse,Japan
ST-00860,2023-11-06,2,1.1428571428571428,0.37796447300922476,2.2677868380553785,APAC,Cell Site,Thailand
ST-00918,2023-04-17,2,1.1428571428571428,0.37796447300922476,2.2677868380553785,AMER,Cell Site,USA
ST-00929,2023-10-30,2,1.1428571428571428,0.3779644730092248,2.267786838055378,EMEA,Cell Site,Austria
ST-00922,2023-02-20,2,1.1428571428571428,0.3779644730092248,2.267786838055378,EMEA,Cell Site,Sweden
ST-00856,2023-09-25,2,1.1428571428571428,0.3779644730092249,2.267786838055377,EMEA,Warehouse,Sweden
ST-00836,2023-11-13,2,1.1428571428571428,0.3779644730092249,2.267786838055377,EMEA,Cell Site,Netherlands
ST-00939,2023-07-10,2,1.1428571428571428,0.377964473009225,2.267786838055377,APAC,Cell Site,South Korea
ST-01920,2023-04-24,2,1.1428571428571428,0.377964473009225,2.267786838055377,EMEA,Cell Site,Netherlands
ST-00850,2023-04-10,2,1.1428571428571428,0.377964473009225,2.267786838055377,APAC,Warehouse,Indonesia
ST-00854,2023-09-18,2,1.1428571428571428,0.377964473009225,2.267786838055377,EMEA,Cell Site,Germany
ST-00839,2024-05-13,2,1.1428571428571428,0.3779644730092249,2.267786838055377,EMEA,Warehouse,Spain
ST-01969,2023-10-09,2,1.1428571428571428,0.37796447300922503,2.2677868380553767,AMER,Cell Site,Canada
ST-01982,2024-02-12,2,1.1428571428571428,0.37796447300922503,2.2677868380553767,AMER,Cell Site,Brazil
ST-00946,2024-11-11,2,1.1428571428571428,0.37796447300922503,2.2677868380553767,EMEA,Warehouse,Czechia
ST-01984,2023-10-23,2,1.1428571428571428,0.37796447300922503,2.2677868380553767,EMEA,Cell Site,Netherlands
ST-00826,2023-01-09,2,1.1428571428571428,0.3779644730092251,2.2677868380553763,EMEA,Warehouse,Poland
ST-00817,2023-08-07,2,1.1428571428571428,0.3779644730092251,2.2677868380553763,EMEA,Cell Site,Spain
ST-02000,2023-03-13,2,1.1428571428571428,0.37796447300922514,2.267786838055376,EMEA,Cell Site,Spain
ST-01996,2024-04-22,2,1.1428571428571428,0.37796447300922514,2.267786838055376,EMEA,Cell Site,Germany
ST-01872,2023-02-06,2,1.1428571428571428,0.37796447300922514,2.267786838055376,EMEA,Cell Site,Austria
ST-01998,2023-12-11,2,1.1428571428571428,0.37796447300922514,2.267786838055376,APAC,Cell Site,Indonesia
ST-01000,2023-07-17,2,1.1428571428571428,0.37796447300922514,2.267786838055376,EMEA,Warehouse,Sweden
ST-01025,2024-11-11,2,1.1428571428571428,0.37796447300922514,2.267786838055376,EMEA,Cell Site,UK
ST-01026,2023-02-27,2,1.1428571428571428,0.37796447300922514,2.267786838055376,EMEA,Cell Site,Poland
ST-01026,2023-10-30,2,1.1428571428571428,0.37796447300922514,2.267786838055376,EMEA,Cell Site,Poland
ST-01821,2023-07-17,2,1.1428571428571428,0.3779644730092252,2.267786838055376,EMEA,Warehouse,Netherlands
ST-00995,2023-08-07,2,1.1428571428571428,0.37796447300922514,2.267786838055376,EMEA,Data Center,Sweden
ST-01844,2023-05-22,2,1.1428571428571428,0.3779644730092252,2.267786838055376,EMEA,Cell Site,Germany
ST-01021,2023-02-13,2,1.1428571428571428,0.3779644730092252,2.267786838055376,EMEA,Cell Site,France
ST-00814,2023-02-20,2,1.1428571428571428,0.37796447300922514,2.267786838055376,APAC,Warehouse,Thailand
ST-00816,2023-12-18,2,1.1428571428571428,0.37796447300922514,2.267786838055376,EMEA,Cell Site,France
ST-01808,2023-08-07,2,1.1428571428571428,0.37796447300922514,2.267786838055376,AMER,Cell Site,USA
ST-00804,2023-09-25,2,1.1428571428571428,0.3779644730092252,2.267786838055376,EMEA,Data Center,Poland
ST-01812,2023-02-27,2,1.1428571428571428,0.3779644730092252,2.267786838055376,EMEA,Warehouse,Spain
ST-01805,2024-01-29,2,1.1428571428571428,0.3779644730092252,2.267786838055376,AMER,Warehouse,Mexico
ST-01186,2023-10-16,2,1.1428571428571428,0.3779644730092252,2.267786838055376,AMER,Cell Site,USA
ST-01185,2025-01-20,2,1.1428571428571428,0.3779644730092252,2.267786838055376,EMEA,Warehouse,Sweden
ST-01186,2023-10-23,2,1.1428571428571428,0.3779644730092252,2.267786838055376,AMER,Cell Site,USA
ST-01038,2023-03-06,2,1.1428571428571428,0.37796447300922525,2.2677868380553754,EMEA,Cell Site,Poland
ST-01169,2024-05-06,2,1.1428571428571428,0.37796447300922525,2.2677868380553754,EMEA,Cell Site,Italy
ST-01040,2023-04-10,2,1.1428571428571428,0.37796447300922525,2.2677868380553754,AMER,Cell Site,Canada
ST-01830,2023-04-03,2,1.1428571428571428,0.37796447300922525,2.2677868380553754,EMEA,Cell Site,Netherlands
ST-01035,2023-09-04,2,1.1428571428571428,0.37796447300922525,2.2677868380553754,AMER,Cell Site,Chile
ST-01852,2023-05-01,2,1.1428571428571428,0.37796447300922525,2.2677868380553754,EMEA,Data Center,Germany
ST-01176,2023-03-13,2,1.1428571428571428,0.37796447300922525,2.2677868380553754,APAC,Cell Site,Australia
ST-01177,2024-04-22,2,1.1428571428571428,0.37796447300922525,2.2677868380553754,EMEA,Integration Center,Germany
ST-01182,2023-07-10,2,1.1428571428571428,0.37796447300922525,2.2677868380553754,EMEA,Warehouse,Austria
ST-01820,2024-04-01,2,1.1428571428571428,0.37796447300922525,2.2677868380553754,EMEA,Cell Site,Netherlands
ST-01167,2023-04-24,2,1.1428571428571428,0.37796447300922525,2.2677868380553754,APAC,Cell Site,China
ST-01113,2023-05-15,2,1.1428571428571428,0.37796447300922525,2.2677868380553754,EMEA,Cell Site,Sweden
ST-01596,2023-09-11,2,1.1428571428571428,0.37796447300922525,2.2677868380553754,APAC,Cell Site,Indonesia
ST-01574,2023-09-11,2,1.1428571428571428,0.3779644730092253,2.267786838055375,EMEA,Cell Site,Austria
ST-01685,2023-03-06,2,1.1428571428571428,0.3779644730092253,2.267786838055375,EMEA,Cell Site,France
ST-01597,2023-02-20,2,1.1428571428571428,0.3779644730092253,2.267786838055375,EMEA,Cell Site,Poland
ST-01592,2024-01-22,2,1.1428571428571428,0.3779644730092253,2.267786838055375,EMEA,Integration Center,France
ST-01763,2023-04-17,2,1.1428571428571428,0.37796447300922537,2.2677868380553745,EMEA,Integration Center,Czechia
ST-01750,2023-11-06,2,1.1428571428571428,0.3779644730092254,2.2677868380553745,APAC,Cell Site,Malaysia
ST-00777,2023-04-10,2,1.1428571428571428,0.37796447300922537,2.2677868380553745,EMEA,Cell Site,Spain
ST-01108,2024-03-18,2,1.1428571428571428,0.37796447300922537,2.2677868380553745,APAC,Warehouse,China
ST-00784,2023-10-16,2,1.1428571428571428,0.37796447300922537,2.2677868380553745,EMEA,Cell Site,Poland
ST-00781,2023-10-16,2,1.1428571428571428,0.37796447300922537,2.2677868380553745,EMEA,Warehouse,Austria
ST-01205,2023-07-31,2,1.1428571428571428,0.3779644730092254,2.2677868380553745,AMER,Warehouse,Canada
ST-01244,2023-12-25,2,1.1428571428571428,0.37796447300922537,2.2677868380553745,EMEA,Integration Center,Poland
ST-01049,2024-06-24,2,1.1428571428571428,0.37796447300922537,2.2677868380553745,AMER,Data Center,Mexico
ST-01247,2023-11-27,2,1.1428571428571428,0.3779644730092254,2.2677868380553745,APAC,Cell Site,Japan
ST-01786,2023-01-23,2,1.1428571428571428,0.37796447300922537,2.2677868380553745,EMEA,Integration Center,Austria
ST-01047,2023-05-08,2,1.1428571428571428,0.37796447300922537,2.2677868380553745,EMEA,Cell Site,France
ST-01057,2023-10-02,2,1.1428571428571428,0.3779644730092254,2.2677868380553745,EMEA,Cell Site,Germany
ST-01068,2023-10-16,2,1.1428571428571428,0.3779644730092254,2.2677868380553745,EMEA,Warehouse,France
ST-00797,2024-01-22,2,1.1428571428571428,0.37796447300922537,2.2677868380553745,APAC,Cell Site,Japan
ST-00800,2023-01-30,2,1.1428571428571428,0.37796447300922537,2.2677868380553745,EMEA,Warehouse,Poland
ST-01677,2023-07-31,2,1.1428571428571428,0.3779644730092254,2.2677868380553745,EMEA,Warehouse,Italy
ST-01676,2024-04-08,2,1.1428571428571428,0.3779644730092254,2.2677868380553745,EMEA,Data Center,Italy
ST-01661,2023-05-15,2,1.1428571428571428,0.3779644730092254,2.2677868380553745,EMEA,Integration Center,Spain
ST-01695,2024-12-09,2,1.1428571428571428,0.37796447300922537,2.2677868380553745,EMEA,Warehouse,France
ST-01730,2023-10-23,2,1.1428571428571428,0.37796447300922537,2.2677868380553745,AMER,Cell Site,Brazil
ST-01576,2024-03-11,2,1.1428571428571428,0.37796447300922537,2.2677868380553745,EMEA,Cell Site,France
ST-01621,2023-01-16,2,1.1428571428571428,0.37796447300922537,2.2677868380553745,EMEA,Warehouse,Austria
ST-01622,2023-06-26,2,1.1428571428571428,0.37796447300922537,2.2677868380553745,EMEA,Cell Site,Austria
ST-01140,2024-04-08,2,1.1428571428571428,0.37796447300922537,2.2677868380553745,EMEA,Cell Site,Netherlands
ST-01583,2023-11-13,2,1.1428571428571428,0.37796447300922537,2.2677868380553745,EMEA,Warehouse,France
ST-01582,2024-01-22,2,1.1428571428571428,0.3779644730092254,2.2677868380553745,EMEA,Warehouse,France
ST-01657,2025-09-01,2,1.1428571428571428,0.3779644730092254,2.2677868380553745,APAC,Warehouse,China
ST-01640,2023-03-13,2,1.1428571428571428,0.37796447300922537,2.2677868380553745,APAC,Cell Site,Vietnam
ST-01678,2023-02-27,2,1.1428571428571428,0.3779644730092254,2.2677868380553745,EMEA,Warehouse,Germany
ST-01677,2025-06-09,2,1.1428571428571428,0.3779644730092254,2.2677868380553745,EMEA,Warehouse,Italy
ST-01678,2023-02-06,2,1.1428571428571428,0.3779644730092254,2.2677868380553745,EMEA,Warehouse,Germany
ST-01080,2023-10-23,2,1.1428571428571428,0.3779644730092254,2.2677868380553745,EMEA,Integration Center,UK
ST-01732,2023-08-28,2,1.1428571428571428,0.37796447300922537,2.2677868380553745,EMEA,Data Center,Italy
ST-01072,2023-07-24,2,1.1428571428571428,0.37796447300922537,2.2677868380553745,EMEA,Cell Site,Poland
ST-01732,2023-09-18,2,1.1428571428571428,0.37796447300922537,2.2677868380553745,EMEA,Data Center,Italy
ST-01101,2023-09-11,2,1.1428571428571428,0.3779644730092254,2.2677868380553745,EMEA,Cell Site,UK
ST-01709,2024-03-25,2,1.1428571428571428,0.37796447300922537,2.2677868380553745,EMEA,Cell Site,Spain
ST-01699,2023-08-28,2,1.1428571428571428,0.37796447300922537,2.2677868380553745,APAC,Warehouse,China
ST-01717,2023-01-16,2,1.1428571428571428,0.3779644730092254,2.2677868380553745,EMEA,Cell Site,Austria
ST-00788,2023-04-03,2,1.1428571428571428,0.37796447300922537,2.2677868380553745,APAC,Cell Site,India
ST-01128,2023-08-21,2,1.1428571428571428,0.3779644730092254,2.2677868380553745,EMEA,Cell Site,Czechia
ST-01587,2024-02-12,2,1.1428571428571428,0.37796447300922537,2.2677868380553745,AMER,Cell Site,Argentina
ST-01577,2024-04-22,2,1.1428571428571428,0.3779644730092254,2.2677868380553745,AMER,Integration Center,USA
ST-01575,2024-06-03,2,1.1428571428571428,0.37796447300922537,2.2677868380553745,EMEA,Integration Center,Poland
ST-01161,2023-12-18,2,1.1428571428571428,0.37796447300922537,2.2677868380553745,EMEA,Warehouse,Spain
ST-00760,2023-03-27,2,1.1428571428571428,0.37796447300922537,2.2677868380553745,EMEA,Cell Site,Poland
ST-00791,2023-05-08,2,1.1428571428571428,0.37796447300922537,2.2677868380553745,AMER,Cell Site,Brazil
ST-01104,2024-03-04,2,1.1428571428571428,0.3779644730092254,2.2677868380553745,EMEA,Warehouse,Germany
ST-01080,2024-04-22,2,1.1428571428571428,0.37796447300922537,2.2677868380553745,EMEA,Integration Center,UK
ST-01400,2023-03-27,2,1.1428571428571428,0.3779644730092255,2.267786838055374,AMER,Cell Site,Argentina
ST-01136,2023-08-28,2,1.1428571428571428,0.3779644730092255,2.267786838055374,APAC,Data Center,Japan
ST-00743,2023-10-09,2,1.1428571428571428,0.3779644730092255,2.267786838055374,AMER,Warehouse,Chile
ST-01562,2023-03-20,2,1.1428571428571428,0.3779644730092255,2.267786838055374,APAC,Cell Site,Australia
ST-01631,2024-06-17,2,1.1428571428571428,0.3779644730092255,2.267786838055374,EMEA,Cell Site,Germany
ST-01631,2023-04-03,2,1.1428571428571428,0.3779644730092255,2.267786838055374,EMEA,Cell Site,Germany
ST-01220,2023-03-27,2,1.1428571428571428,0.3779644730092255,2.267786838055374,AMER,Warehouse,Brazil
ST-01651,2023-11-20,2,1.1428571428571428,0.3779644730092255,2.267786838055374,AMER,Cell Site,Canada
ST-01239,2023-01-16,2,1.1428571428571428,0.3779644730092255,2.267786838055374,EMEA,Warehouse,Sweden
ST-01739,2023-12-11,2,1.1428571428571428,0.3779644730092255,2.267786838055374,EMEA,Cell Site,Austria
ST-01743,2023-12-18,2,1.1428571428571428,0.3779644730092255,2.267786838055374,EMEA,Warehouse,Sweden
ST-01733,2024-01-29,2,1.1428571428571428,0.3779644730092255,2.267786838055374,APAC,Warehouse,South Korea
ST-01066,2023-11-06,2,1.1428571428571428,0.3779644730092255,2.267786838055374,EMEA,Cell Site,Germany
ST-00739,2023-11-13,2,1.1428571428571428,0.37796447300922553,2.2677868380553736,EMEA,Warehouse,France
ST-00741,2023-04-03,2,1.1428571428571428,0.37796447300922553,2.2677868380553736,EMEA,Cell Site,Netherlands
ST-01345,2023-09-18,2,1.1428571428571428,0.3779644730092256,2.267786838055373,EMEA,Cell Site,Poland
ST-01383,2023-02-13,2,1.1428571428571428,0.37796447300922564,2.267786838055373,APAC,Cell Site,Thailand
ST-01327,2023-08-14,2,1.1428571428571428,0.3779644730092256,2.267786838055373,APAC,Integration Center,India
ST-01235,2024-01-01,2,1.1428571428571428,0.3779644730092256,2.267786838055373,APAC,Data Center,India
ST-01484,2023-01-30,2,1.1428571428571428,0.37796447300922564,2.267786838055373,EMEA,Warehouse,Czechia
ST-01407,2023-11-06,2,1.1428571428571428,0.3779644730092256,2.267786838055373,EMEA,Cell Site,Italy
ST-01285,2023-10-30,2,1.1428571428571428,0.37796447300922564,2.267786838055373,EMEA,Cell Site,Germany
ST-01445,2023-08-14,2,1.1428571428571428,0.3779644730092256,2.267786838055373,APAC,Data Center,India
ST-01557,2023-02-13,2,1.1428571428571428,0.3779644730092256,2.267786838055373,EMEA,Warehouse,Sweden
ST-01510,2023-08-21,2,1.1428571428571428,0.37796447300922564,2.267786838055373,APAC,Cell Site,India
ST-01520,2023-06-05,2,1.1428571428571428,0.3779644730092256,2.267786838055373,EMEA,Cell Site,Poland
ST-01510,2023-05-08,2,1.1428571428571428,0.37796447300922564,2.267786838055373,APAC,Cell Site,India
ST-01526,2023-03-06,2,1.1428571428571428,0.3779644730092256,2.267786838055373,EMEA,Cell Site,Poland
ST-01521,2023-02-06,2,1.1428571428571428,0.3779644730092256,2.267786838055373,AMER,Cell Site,USA
ST-01452,2023-07-17,2,1.1428571428571428,0.3779644730092256,2.267786838055373,APAC,Warehouse,Malaysia
ST-01433,2023-11-20,2,1.1428571428571428,0.3779644730092256,2.267786838055373,APAC,Cell Site,Thailand
ST-01448,2023-07-10,2,1.1428571428571428,0.3779644730092256,2.267786838055373,APAC,Cell Site,India
ST-01469,2023-09-04,2,1.1428571428571428,0.37796447300922564,2.267786838055373,APAC,Cell Site,Australia
ST-01487,2024-04-08,2,1.1428571428571428,0.37796447300922564,2.267786838055373,EMEA,Warehouse,France
ST-01558,2024-07-29,2,1.1428571428571428,0.3779644730092256,2.267786838055373,EMEA,Warehouse,Austria
ST-01470,2023-11-06,2,1.1428571428571428,0.3779644730092257,2.2677868380553727,EMEA,Cell Site,Poland
ST-01533,2023-08-14,2,1.1428571428571428,0.3779644730092257,2.2677868380553727,APAC,Cell Site,Indonesia
ST-01532,2023-10-16,2,1.1428571428571428,0.3779644730092257,2.2677868380553727,EMEA,Cell Site,Germany
ST-01491,2023-08-21,2,1.1428571428571428,0.3779644730092257,2.2677868380553727,EMEA,Data Center,Sweden
ST-01293,2024-01-01,2,1.1428571428571428,0.3779644730092257,2.2677868380553727,EMEA,Cell Site,Poland
ST-00706,2024-01-01,2,1.1428571428571428,0.3779644730092257,2.2677868380553727,EMEA,Warehouse,Czechia
ST-01553,2023-09-04,2,1.1428571428571428,0.3779644730092257,2.2677868380553727,EMEA,Cell Site,Italy
ST-00731,2023-05-29,2,1.1428571428571428,0.3779644730092257,2.2677868380553727,EMEA,Warehouse,Germany
ST-01544,2024-01-01,2,1.1428571428571428,0.3779644730092257,2.2677868380553727,APAC,Cell Site,China
ST-01488,2023-01-23,2,1.1428571428571428,0.3779644730092257,2.2677868380553727,EMEA,Cell Site,Netherlands
ST-01492,2023-01-30,2,1.1428571428571428,0.3779644730092257,2.2677868380553727,EMEA,Warehouse,Netherlands
ST-01269,2024-04-08,2,1.1428571428571428,0.3779644730092257,2.2677868380553727,EMEA,Integration Center,France
ST-01261,2023-04-03,2,1.1428571428571428,0.3779644730092257,2.2677868380553727,EMEA,Cell Site,Germany
ST-01290,2023-10-02,2,1.1428571428571428,0.3779644730092257,2.2677868380553727,AMER,Cell Site,Brazil
ST-01281,2023-12-04,2,1.1428571428571428,0.3779644730092257,2.2677868380553727,APAC,Cell Site,South Korea
ST-01260,2023-03-13,2,1.1428571428571428,0.3779644730092257,2.2677868380553727,EMEA,Cell Site,Poland
ST-01264,2023-06-26,2,1.1428571428571428,0.3779644730092257,2.2677868380553727,EMEA,Data Center,Italy
ST-01268,2023-08-14,2,1.1428571428571428,0.3779644730092257,2.2677868380553727,AMER,Cell Site,Chile
ST-00704,2023-07-31,2,1.1428571428571428,0.37796447300922575,2.2677868380553723,EMEA,Cell Site,Netherlands
ST-01305,2023-12-25,2,1.1428571428571428,0.37796447300922587,2.267786838055372,EMEA,Data Center,Germany
ST-01322,2024-02-26,2,1.1428571428571428,0.37796447300922587,2.267786838055372,EMEA,Integration Center,Germany
ST-01539,2024-05-06,2,1.1428571428571428,0.3779644730092258,2.267786838055372,EMEA,Cell Site,Italy
ST-00355,2023-06-19,2,1.1428571428571428,0.37796447300922587,2.267786838055372,EMEA,Data Center,Poland
ST-01300,2023-05-08,2,1.1428571428571428,0.3779644730092258,2.267786838055372,APAC,Cell Site,Australia
ST-00725,2023-08-07,2,1.1428571428571428,0.37796447300922587,2.267786838055372,EMEA,Cell Site,UK
ST-01273,2023-12-25,2,1.1428571428571428,0.3779644730092258,2.267786838055372,EMEA,Cell Site,Sweden
ST-01316,2024-02-19,2,1.1428571428571428,0.3779644730092258,2.267786838055372,EMEA,Cell Site,UK
ST-01274,2023-01-09,2,1.1428571428571428,0.3779644730092258,2.267786838055372,APAC,Data Center,Thailand
ST-01274,2023-10-02,2,1.1428571428571428,0.3779644730092258,2.267786838055372,APAC,Data Center,Thailand
ST-00369,2024-09-30,2,1.1428571428571428,0.3779644730092259,2.2677868380553714,EMEA,Cell Site,Poland
ST-00357,2023-07-03,2,1.1428571428571428,0.3779644730092259,2.2677868380553714,EMEA,Cell Site,Sweden
ST-00350,2023-04-10,2,1.1428571428571428,0.377964473009226,2.267786838055371,EMEA,Cell Site,Italy
ST-00378,2023-09-11,2,1.1428571428571428,0.37796447300922603,2.2677868380553705,EMEA,Warehouse,Austria
ST-00339,2023-09-25,2,1.1428571428571428,0.3779644730092261,2.2677868380553705,AMER,Warehouse,USA
ST-00336,2023-05-29,2,1.1428571428571428,0.3779644730092261,2.2677868380553705,AMER,Data Center,Mexico
ST-00685,2023-07-24,2,1.1428571428571428,0.37796447300922603,2.2677868380553705,AMER,Cell Site,Argentina
ST-00678,2023-11-06,2,1.1428571428571428,0.37796447300922614,2.26778683805537,AMER,Cell Site,USA
ST-00326,2023-08-21,2,1.1428571428571428,0.37796447300922614,2.26778683805537,EMEA,Cell Site,Germany
ST-00302,2024-05-06,2,1.1428571428571428,0.37796447300922614,2.26778683805537,EMEA,Data Center,Italy
ST-00679,2023-03-13,2,1.1428571428571428,0.37796447300922614,2.26778683805537,EMEA,Cell Site,Spain
ST-00428,2023-12-25,2,1.1428571428571428,0.3779644730092262,2.2677868380553696,APAC,Cell Site,Malaysia
ST-00425,2023-07-10,2,1.1428571428571428,0.3779644730092262,2.2677868380553696,AMER,Warehouse,Chile
ST-00401,2023-06-05,2,1.1428571428571428,0.3779644730092262,2.2677868380553696,EMEA,Cell Site,Spain
ST-00314,2023-12-04,2,1.1428571428571428,0.3779644730092262,2.2677868380553696,APAC,Data Center,China
ST-00283,2024-04-08,2,1.1428571428571428,0.3779644730092262,2.2677868380553696,APAC,Cell Site,India
ST-00404,2023-05-08,2,1.1428571428571428,0.3779644730092262,2.2677868380553696,AMER,Cell Site,Colombia
ST-00416,2023-05-01,2,1.1428571428571428,0.37796447300922625,2.267786838055369,AMER,Cell Site,USA
ST-00432,2023-02-13,2,1.1428571428571428,0.37796447300922625,2.267786838055369,APAC,Warehouse,China
ST-00431,2024-05-13,2,1.1428571428571428,0.37796447300922625,2.267786838055369,EMEA,Cell Site,Poland
ST-00412,2024-01-01,2,1.1428571428571428,0.3779644730092263,2.267786838055369,APAC,Data Center,Indonesia
ST-00399,2023-10-02,2,1.1428571428571428,0.37796447300922625,2.267786838055369,EMEA,Cell Site,Austria
ST-00282,2023-08-28,2,1.1428571428571428,0.3779644730092263,2.267786838055369,EMEA,Integration Center,Sweden
ST-00406,2023-01-16,2,1.1428571428571428,0.37796447300922625,2.267786838055369,EMEA,Cell Site,Germany
ST-00668,2023-04-10,2,1.1428571428571428,0.37796447300922636,2.2677868380553687,EMEA,Cell Site,Spain
ST-00669,2023-05-08,2,1.1428571428571428,0.37796447300922636,2.2677868380553687,EMEA,Cell Site,Czechia
ST-00657,2024-03-18,2,1.1428571428571428,0.3779644730092264,2.2677868380553683,EMEA,Warehouse,Italy
ST-00445,2023-09-18,2,1.1428571428571428,0.3779644730092264,2.2677868380553683,EMEA,Cell Site,Spain
ST-00254,2023-09-04,2,1.1428571428571428,0.3779644730092264,2.2677868380553683,APAC,Cell Site,Singapore
ST-00657,2023-12-04,2,1.1428571428571428,0.3779644730092264,2.2677868380553683,EMEA,Warehouse,Italy
ST-00272,2023-08-14,2,1.1428571428571428,0.3779644730092264,2.2677868380553683,EMEA,Cell Site,Austria
ST-00252,2024-01-29,2,1.1428571428571428,0.37796447300922653,2.267786838055368,EMEA,Cell Site,Austria
ST-00633,2025-02-10,2,1.1428571428571428,0.37796447300922653,2.267786838055368,APAC,Integration Center,Australia
ST-00253,2024-02-12,2,1.1428571428571428,0.37796447300922653,2.267786838055368,EMEA,Warehouse,Austria
ST-00249,2023-12-04,2,1.1428571428571428,0.37796447300922653,2.267786838055368,EMEA,Cell Site,Spain
ST-00642,2024-05-13,2,1.1428571428571428,0.3779644730092266,2.2677868380553674,APAC,Cell Site,South Korea
ST-00616,2023-06-05,2,1.1428571428571428,0.3779644730092266,2.2677868380553674,EMEA,Cell Site,UK
ST-00516,2023-11-06,2,1.1428571428571428,0.3779644730092266,2.2677868380553674,AMER,Cell Site,Brazil
ST-00454,2023-08-21,2,1.1428571428571428,0.3779644730092266,2.2677868380553674,APAC,Cell Site,China
ST-00639,2023-06-19,2,1.1428571428571428,0.3779644730092266,2.2677868380553674,APAC,Cell Site,South Korea
ST-00621,2023-02-06,2,1.1428571428571428,0.37796447300922664,2.267786838055367,APAC,Integration Center,Malaysia
ST-00507,2023-09-18,2,1.1428571428571428,0.37796447300922664,2.267786838055367,EMEA,Cell Site,Italy
ST-00621,2023-05-15,2,1.1428571428571428,0.37796447300922664,2.267786838055367,APAC,Integration Center,Malaysia
ST-00610,2023-04-17,2,1.1428571428571428,0.37796447300922664,2.267786838055367,EMEA,Cell Site,Sweden
ST-00627,2024-07-29,2,1.1428571428571428,0.37796447300922664,2.267786838055367,APAC,Integration Center,Malaysia
ST-00536,2024-03-18,2,1.1428571428571428,0.37796447300922675,2.2677868380553665,EMEA,Cell Site,Sweden
ST-00608,2024-01-22,2,1.1428571428571428,0.3779644730092267,2.2677868380553665,APAC,Cell Site,Singapore
ST-00606,2024-03-25,2,1.1428571428571428,0.37796447300922675,2.2677868380553665,EMEA,Cell Site,Germany
ST-00514,2024-03-25,2,1.1428571428571428,0.3779644730092267,2.2677868380553665,AMER,Integration Center,Chile
ST-00501,2024-01-15,2,1.1428571428571428,0.3779644730092267,2.2677868380553665,AMER,Cell Site,Canada
ST-00624,2023-11-13,2,1.1428571428571428,0.3779644730092267,2.2677868380553665,EMEA,Data Center,Czechia
ST-00474,2023-12-18,2,1.1428571428571428,0.3779644730092268,2.267786838055366,APAC,Warehouse,Vietnam
ST-00556,2023-09-04,2,1.1428571428571428,0.3779644730092268,2.267786838055366,APAC,Integration Center,South Korea
ST-00702,2023-10-16,3,1.2857142857142858,0.7559289460184537,2.2677868380553656,EMEA,Integration Center,Sweden
ST-00560,2023-01-23,2,1.1428571428571428,0.37796447300922686,2.2677868380553656,EMEA,Integration Center,Netherlands
ST-00541,2023-02-20,2,1.1428571428571428,0.37796447300922686,2.2677868380553656,EMEA,Cell Site,UK
ST-00597,2023-06-12,2,1.1428571428571428,0.377964473009227,2.267786838055365,AMER,Warehouse,USA
ST-00575,2024-03-18,2,1.1428571428571428,0.377964473009227,2.267786838055365,APAC,Cell Site,India
ST-00233,2024-06-10,2,1.1428571428571428,0.377964473009227,2.267786838055365,AMER,Warehouse,Mexico
ST-00589,2023-03-13,2,1.1428571428571428,0.377964473009227,2.267786838055365,EMEA,Integration Center,UK
ST-00581,2023-07-31,2,1.1428571428571428,0.37796447300922703,2.2677868380553647,EMEA,Cell Site,France
ST-00585,2023-06-05,2,1.1428571428571428,0.37796447300922703,2.2677868380553647,AMER,Cell Site,Chile
ST-00201,2023-05-29,2,1.1428571428571428,0.37796447300922703,2.2677868380553647,EMEA,Warehouse,France
ST-00224,2023-10-16,2,1.1428571428571428,0.37796447300922703,2.2677868380553647,AMER,Cell Site,Mexico
ST-00204,2023-02-27,2,1.1428571428571428,0.3779644730092271,2.2677868380553643,EMEA,Cell Site,Netherlands
ST-00203,2023-05-22,2,1.1428571428571428,0.3779644730092271,2.2677868380553643,EMEA,Cell Site,Netherlands
ST-00200,2023-07-17,2,1.1428571428571428,0.3779644730092271,2.2677868380553643,APAC,Cell Site,Malaysia
ST-00196,2024-04-15,2,1.1428571428571428,0.3779644730092272,2.267786838055364,EMEA,Data Center,Germany
ST-00006,2023-08-21,2,1.1428571428571428,0.3779644730092272,2.267786838055364,EMEA,Warehouse,Czechia
ST-00205,2024-01-15,2,1.1428571428571428,0.3779644730092272,2.267786838055364,EMEA,Cell Site,Sweden
ST-00148,2023-08-14,2,1.1428571428571428,0.37796447300922725,2.2677868380553634,APAC,Cell Site,Indonesia
ST-00009,2024-02-12,2,1.1428571428571428,0.37796447300922725,2.2677868380553634,EMEA,Cell Site,Czechia
ST-00143,2024-01-22,2,1.1428571428571428,0.37796447300922725,2.2677868380553634,EMEA,Cell Site,Italy
ST-00166,2024-02-12,2,1.1428571428571428,0.3779644730092273,2.267786838055363,EMEA,Warehouse,Poland
ST-00145,2023-04-10,2,1.1428571428571428,0.3779644730092273,2.267786838055363,APAC,Cell Site,Australia
ST-00042,2023-07-03,2,1.1428571428571428,0.3779644730092273,2.267786838055363,EMEA,Cell Site,Poland
ST-00173,2023-04-17,2,1.1428571428571428,0.3779644730092273,2.267786838055363,APAC,Warehouse,Vietnam
ST-00173,2024-06-17,2,1.1428571428571428,0.3779644730092273,2.267786838055363,APAC,Warehouse,Vietnam
ST-00213,2023-02-06,2,1.1428571428571428,0.3779644730092273,2.267786838055363,EMEA,Cell Site,Sweden
ST-00176,2023-03-27,2,1.1428571428571428,0.3779644730092274,2.2677868380553625,EMEA,Cell Site,Netherlands
ST-00176,2023-10-30,2,1.1428571428571428,0.3779644730092274,2.2677868380553625,EMEA,Cell Site,Netherlands
ST-00071,2023-02-13,2,1.1428571428571428,0.3779644730092274,2.2677868380553625,AMER,Cell Site,Mexico
ST-00075,2023-09-18,2,1.1428571428571428,0.3779644730092274,2.2677868380553625,EMEA,Integration Center,Spain
ST-00072,2023-07-17,2,1.1428571428571428,0.3779644730092274,2.2677868380553625,EMEA,Warehouse,UK
ST-00133,2023-07-10,2,1.1428571428571428,0.37796447300922736,2.2677868380553625,EMEA,Cell Site,Germany
ST-00162,2023-01-16,2,1.1428571428571428,0.37796447300922736,2.2677868380553625,EMEA,Cell Site,Germany
ST-00072,2023-03-06,2,1.1428571428571428,0.3779644730092274,2.2677868380553625,EMEA,Warehouse,UK
ST-00060,2023-03-06,2,1.1428571428571428,0.3779644730092274,2.2677868380553625,EMEA,Cell Site,Poland
ST-00095,2023-05-15,2,1.1428571428571428,0.3779644730092275,2.267786838055362,EMEA,Cell Site,France
ST-00099,2023-07-03,2,1.1428571428571428,0.37796447300922753,2.2677868380553616,EMEA,Integration Center,UK
ST-00045,2023-01-30,2,1.1428571428571428,0.37796447300922753,2.2677868380553616,APAC,Cell Site,Vietnam
ST-00101,2023-09-18,2,1.1428571428571428,0.37796447300922753,2.2677868380553616,APAC,Cell Site,India
ST-00100,2023-01-16,2,1.1428571428571428,0.37796447300922753,2.2677868380553616,EMEA,Integration Center,France
ST-00046,2023-05-29,2,1.1428571428571428,0.37796447300922753,2.2677868380553616,APAC,Warehouse,South Korea
ST-00112,2023-06-26,2,1.1428571428571428,0.3779644730092276,2.267786838055361,EMEA,Data Center,Czechia
ST-00109,2023-04-10,2,1.1428571428571428,0.37796447300922764,2.267786838055361,APAC,Cell Site,Indonesia
ST-00108,2024-01-22,2,1.1428571428571428,0.37796447300922764,2.267786838055361,EMEA,Cell Site,Netherlands
ST-00130,2023-11-13,2,1.1428571428571428,0.37796447300922764,2.267786838055361,APAC,Cell Site,China
ST-00122,2023-08-14,2,1.1428571428571428,0.3779644730092277,2.2677868380553607,EMEA,Cell Site,Germany
ST-00122,2024-04-29,2,1.1428571428571428,0.3779644730092277,2.2677868380553607,EMEA,Cell Site,Germany
ST-01732,2024-06-03,3,1.375,0.7440238091428438,2.184069891354806,EMEA,Data Center,Italy
ST-00064,2025-08-25,3,1.0,1.0,2.0,APAC,Cell Site,Australia
ST-01938,2023-08-28,3,1.0,1.0,2.0,APAC,Data Center,Malaysia
ST-00940,2023-08-28,3,1.0,1.0,2.0,APAC,Cell Site,Singapore
ST-01554,2023-05-08,3,1.0,1.0,2.0,AMER,Integration Center,USA
ST-00278,2025-03-24,3,1.0,1.0,2.0,EMEA,Cell Site,Spain
ST-00274,2023-09-04,3,1.0,1.0,2.0,EMEA,Cell Site,Germany
ST-01554,2024-05-13,3,1.0,1.0,2.0,AMER,Integration Center,USA
ST-01139,2025-05-05,3,1.0,1.0,2.0,APAC,Cell Site,India
ST-01110,2024-05-13,3,1.0,1.0,2.0,EMEA,Warehouse,UK
ST-01612,2025-09-01,3,1.0,1.0,2.0,EMEA,Cell Site,Italy
ST-01606,2023-04-17,3,1.0,1.0,2.0,AMER,Cell Site,Chile
ST-01334,2024-05-13,3,1.0,1.0,2.0,AMER,Warehouse,Mexico
ST-00583,2023-05-29,3,1.0,1.0,2.0,EMEA,Integration Center,Poland
ST-00588,2024-03-04,3,1.0,1.0,2.0,EMEA,Cell Site,Italy
ST-00611,2023-02-27,3,1.0,1.0,2.0,APAC,Cell Site,Thailand
ST-01075,2024-05-13,3,1.0,1.0,2.0,APAC,Cell Site,Thailand
ST-00820,2023-08-14,3,1.0,1.0,2.0,APAC,Integration Center,Vietnam
ST-01710,2024-01-22,3,1.0,1.0,2.0,EMEA,Warehouse,Austria
ST-00526,2024-04-08,3,1.0,1.0,2.0,EMEA,Cell Site,Spain
ST-00207,2023-03-27,3,1.0,1.0,2.0,EMEA,Cell Site,France
ST-01531,2023-02-13,3,1.0,1.0,2.0,AMER,Warehouse,Argentina
ST-00311,2023-05-15,3,1.0,1.0,2.0,EMEA,Cell Site,Italy
ST-00315,2025-09-29,3,1.0,1.0,2.0,EMEA,Data Center,UK
ST-01151,2024-12-02,3,1.0,1.0,2.0,EMEA,Integration Center,Poland
ST-01453,2024-05-20,3,1.0,1.0,2.0,APAC,Warehouse,Australia
ST-00382,2024-11-04,3,1.0,1.0,2.0,APAC,Integration Center,Thailand
ST-01678,2025-05-05,3,1.0,1.0,2.0,EMEA,Warehouse,Germany
ST-01567,2024-02-26,3,1.0,1.0,2.0,APAC,Warehouse,Singapore
ST-00342,2025-04-21,3,1.0,1.0,2.0,EMEA,Cell Site,Italy
ST-01876,2023-06-26,3,1.0,1.0,2.0,EMEA,Data Center,Germany
ST-01888,2023-01-23,3,1.0,1.0,2.0,EMEA,Integration Center,Sweden
ST-00965,2025-06-23,3,1.0,1.0,2.0,EMEA,Cell Site,Poland
ST-00110,2025-10-13,3,1.0,1.0,2.0,EMEA,Warehouse,Austria
ST-00998,2024-04-15,3,1.0,1.0,2.0,APAC,Warehouse,China
ST-00942,2023-11-06,3,1.0,1.0,2.0,AMER,Warehouse,Canada
ST-00158,2024-02-19,3,1.0,1.0,2.0,AMER,Cell Site,Chile
ST-01224,2025-07-14,3,1.0,1.0,2.0,AMER,Integration Center,Canada
ST-00865,2025-02-10,3,1.0,1.0,2.0,APAC,Cell Site,Vietnam
ST-01759,2023-05-08,3,1.0,1.0,2.0,EMEA,Integration Center,Sweden
ST-01776,2025-05-26,3,1.0,1.0,2.0,APAC,Data Center,Australia
ST-00803,2025-03-03,3,1.0,1.0,2.0,AMER,Cell Site,Brazil
ST-01166,2024-10-07,3,1.0,1.0,2.0,APAC,Cell Site,India
ST-00716,2023-01-09,3,1.0,1.0,2.0,EMEA,Warehouse,Italy
ST-00110,2023-09-25,3,1.0,1.0,2.0,EMEA,Warehouse,Austria
ST-00058,2024-06-03,3,1.0,1.0,2.0,EMEA,Cell Site,UK
ST-00056,2023-12-18,3,1.0,1.0,2.0,AMER,Cell Site,USA
ST-00045,2023-10-23,3,1.0,1.0,2.0,APAC,Cell Site,Vietnam
ST-00702,2023-05-15,3,1.0,1.0,2.0,EMEA,Integration Center,Sweden
ST-01175,2024-01-22,3,1.0,1.0,2.0,EMEA,Cell Site,Czechia
ST-01183,2023-04-17,3,1.0,1.0,2.0,EMEA,Cell Site,Spain
ST-00669,2024-12-30,3,1.0,1.0,2.0,EMEA,Cell Site,Czechia
ST-00134,2024-12-09,3,1.0,1.0,2.0,AMER,Data Center,Brazil
ST-01766,2024-02-19,3,1.0,1.0,2.0,AMER,Cell Site,Brazil
ST-01282,2023-02-27,3,1.0,1.0,2.0,EMEA,Cell Site,Poland
ST-00449,2023-10-02,3,1.0,1.0,2.0,AMER,Cell Site,Colombia
ST-00459,2025-01-13,3,1.0,1.0,2.0,APAC,Cell Site,India
ST-00460,2025-08-04,3,1.0,1.0,2.0,EMEA,Warehouse,Poland
ST-00394,2023-07-10,3,1.0,1.0,2.0,EMEA,Warehouse,Italy
ST-01518,2023-05-29,3,1.0,1.0,2.0,APAC,Warehouse,India
ST-01307,2025-01-06,3,1.0,1.0,2.0,EMEA,Cell Site,France
ST-01241,2024-08-26,3,1.0,1.0,2.0,EMEA,Cell Site,Italy
ST-00883,2024-05-06,2,1.25,0.46291004988627377,1.620185174601972,AMER,Cell Site,Colombia
ST-00926,2025-09-22,2,1.25,0.4629100498862739,1.6201851746019715,AMER,Data Center,Mexico
ST-01948,2024-11-18,2,1.25,0.46291004988627393,1.6201851746019713,APAC,Integration Center,China
ST-01907,2025-07-21,2,1.25,0.46291004988627393,1.6201851746019713,EMEA,Data Center,UK
ST-01899,2025-03-03,2,1.25,0.46291004988627393,1.6201851746019713,EMEA,Warehouse,Poland
ST-00844,2025-10-13,2,1.25,0.46291004988627393,1.6201851746019713,EMEA,Cell Site,Italy
ST-00852,2025-09-01,2,1.25,0.46291004988627393,1.6201851746019713,AMER,Warehouse,Chile
ST-01945,2025-01-27,2,1.25,0.462910049886274,1.620185174601971,APAC,Warehouse,Indonesia
ST-01989,2025-05-05,2,1.25,0.462910049886274,1.620185174601971,EMEA,Cell Site,Spain
ST-01941,2025-08-18,2,1.25,0.462910049886274,1.620185174601971,AMER,Cell Site,Mexico
ST-01945,2024-06-17,2,1.25,0.462910049886274,1.620185174601971,APAC,Warehouse,Indonesia
ST-01999,2024-12-02,2,1.25,0.462910049886274,1.620185174601971,AMER,Warehouse,Chile
ST-01024,2025-09-08,2,1.25,0.4629100498862741,1.6201851746019709,APAC,Cell Site,Thailand
ST-01805,2024-03-11,2,1.25,0.4629100498862741,1.6201851746019709,AMER,Warehouse,Mexico
ST-00817,2024-06-17,2,1.25,0.46291004988627404,1.6201851746019709,EMEA,Cell Site,Spain
ST-01842,2024-11-11,2,1.25,0.4629100498862741,1.6201851746019709,APAC,Cell Site,Indonesia
ST-01870,2024-10-14,2,1.25,0.4629100498862741,1.6201851746019709,APAC,Cell Site,Singapore
ST-00996,2025-02-24,2,1.25,0.4629100498862741,1.6201851746019709,AMER,Cell Site,USA
ST-01013,2024-12-30,2,1.25,0.4629100498862741,1.6201851746019709,EMEA,Warehouse,Sweden
ST-01593,2024-12-09,2,1.25,0.4629100498862741,1.6201851746019709,EMEA,Cell Site,Austria
ST-00944,2025-01-27,2,1.25,0.46291004988627416,1.6201851746019706,APAC,Data Center,Indonesia
ST-01601,2025-02-24,2,1.25,0.46291004988627416,1.6201851746019706,AMER,Warehouse,Canada
ST-01186,2024-04-08,2,1.25,0.46291004988627416,1.6201851746019706,AMER,Cell Site,USA
ST-01185,2025-04-28,2,1.25,0.46291004988627416,1.6201851746019706,EMEA,Warehouse,Sweden
ST-01787,2025-02-17,2,1.25,0.46291004988627416,1.6201851746019706,EMEA,Data Center,Spain
ST-01635,2025-07-28,2,1.25,0.46291004988627416,1.6201851746019706,AMER,Cell Site,Brazil
ST-01181,2025-03-31,2,1.25,0.46291004988627416,1.6201851746019706,APAC,Warehouse,China
ST-00952,2024-09-30,2,1.25,0.46291004988627416,1.6201851746019706,EMEA,Cell Site,Spain
ST-01599,2024-11-04,2,1.25,0.46291004988627416,1.6201851746019706,EMEA,Cell Site,Italy
ST-01576,2024-09-09,2,1.25,0.46291004988627416,1.6201851746019706,EMEA,Cell Site,France
ST-00955,2025-02-24,2,1.25,0.46291004988627416,1.6201851746019706,EMEA,Cell Site,Czechia
ST-00963,2025-06-16,2,1.25,0.46291004988627416,1.6201851746019706,EMEA,Warehouse,Poland
ST-01629,2025-09-29,2,1.25,0.46291004988627416,1.6201851746019706,AMER,Warehouse,Chile
ST-01177,2025-03-10,2,1.25,0.46291004988627416,1.6201851746019706,EMEA,Integration Center,Germany
ST-01766,2025-10-27,2,1.25,0.46291004988627416,1.6201851746019706,AMER,Cell Site,Brazil
ST-01666,2024-03-04,2,1.25,0.4629100498862742,1.6201851746019704,EMEA,Warehouse,Poland
ST-01699,2024-07-01,2,1.25,0.4629100498862742,1.6201851746019704,APAC,Warehouse,China
ST-01150,2024-11-04,2,1.25,0.4629100498862742,1.6201851746019704,AMER,Warehouse,Chile
ST-01771,2025-08-04,2,1.25,0.4629100498862742,1.6201851746019704,AMER,Warehouse,Brazil
ST-01176,2024-12-02,2,1.25,0.4629100498862742,1.6201851746019704,APAC,Cell Site,Australia
ST-01706,2025-04-28,2,1.25,0.4629100498862742,1.6201851746019704,EMEA,Cell Site,Poland
ST-01695,2025-03-17,2,1.25,0.4629100498862742,1.6201851746019704,EMEA,Warehouse,France
ST-01701,2025-07-07,2,1.25,0.4629100498862742,1.6201851746019704,EMEA,Data Center,Spain
ST-01701,2025-05-12,2,1.25,0.4629100498862742,1.6201851746019704,EMEA,Data Center,Spain
ST-01674,2025-06-02,2,1.25,0.4629100498862742,1.6201851746019704,EMEA,Data Center,Austria
ST-01108,2025-10-20,2,1.25,0.46291004988627427,1.6201851746019702,APAC,Warehouse,China
ST-01080,2025-01-06,2,1.25,0.46291004988627427,1.6201851746019702,EMEA,Integration Center,UK
ST-01205,2024-07-29,2,1.25,0.46291004988627427,1.6201851746019702,AMER,Warehouse,Canada
ST-01646,2024-07-01,2,1.25,0.46291004988627427,1.6201851746019702,EMEA,Data Center,Sweden
ST-01104,2024-03-18,2,1.25,0.46291004988627427,1.6201851746019702,EMEA,Warehouse,Germany
ST-01068,2024-03-25,2,1.25,0.46291004988627427,1.6201851746019702,EMEA,Warehouse,France
ST-01749,2025-06-23,2,1.25,0.46291004988627427,1.6201851746019702,EMEA,Warehouse,Austria
ST-01197,2025-06-23,2,1.25,0.46291004988627427,1.6201851746019702,EMEA,Cell Site,Netherlands
ST-01247,2024-09-02,2,1.25,0.46291004988627427,1.6201851746019702,APAC,Cell Site,Japan
ST-01051,2024-03-25,2,1.25,0.46291004988627427,1.6201851746019702,EMEA,Warehouse,Germany
ST-01065,2025-09-08,2,1.25,0.4629100498862743,1.62018517460197,AMER,Warehouse,Canada
ST-01347,2024-12-09,2,1.25,0.4629100498862744,1.6201851746019698,AMER,Warehouse,Argentina
ST-01478,2025-05-12,2,1.25,0.4629100498862744,1.6201851746019698,EMEA,Cell Site,Austria
ST-01492,2024-09-30,2,1.25,0.4629100498862744,1.6201851746019698,EMEA,Warehouse,Netherlands
ST-01230,2024-08-19,2,1.25,0.46291004988627443,1.6201851746019695,EMEA,Integration Center,Netherlands
ST-01264,2024-10-21,2,1.25,0.46291004988627443,1.6201851746019695,EMEA,Data Center,Italy
ST-01264,2025-03-17,2,1.25,0.46291004988627443,1.6201851746019695,EMEA,Data Center,Italy
ST-01538,2025-09-29,2,1.25,0.46291004988627443,1.6201851746019695,APAC,Warehouse,Singapore
ST-01552,2025-04-07,2,1.25,0.46291004988627443,1.6201851746019695,EMEA,Cell Site,UK
ST-01293,2024-05-20,2,1.25,0.46291004988627443,1.6201851746019695,EMEA,Cell Site,Poland
ST-01294,2025-04-14,2,1.25,0.4629100498862745,1.6201851746019693,EMEA,Warehouse,UK
ST-01316,2024-11-11,2,1.25,0.46291004988627454,1.6201851746019693,EMEA,Cell Site,UK
ST-00706,2024-06-17,2,1.25,0.4629100498862745,1.6201851746019693,EMEA,Warehouse,Czechia
ST-00712,2024-05-27,2,1.25,0.4629100498862746,1.620185174601969,EMEA,Data Center,France
ST-01322,2024-09-16,2,1.25,0.4629100498862746,1.620185174601969,EMEA,Integration Center,Germany
ST-00364,2024-07-22,2,1.25,0.46291004988627465,1.6201851746019689,APAC,Cell Site,South Korea
ST-00350,2024-06-03,2,1.25,0.46291004988627465,1.6201851746019689,EMEA,Cell Site,Italy
ST-00336,2024-03-04,2,1.25,0.4629100498862747,1.6201851746019686,AMER,Data Center,Mexico
ST-00346,2025-08-25,2,1.25,0.4629100498862747,1.6201851746019686,EMEA,Warehouse,Netherlands
ST-00337,2025-10-13,2,1.25,0.4629100498862747,1.6201851746019686,APAC,Data Center,Indonesia
ST-00339,2024-05-20,2,1.25,0.4629100498862747,1.6201851746019686,AMER,Warehouse,USA
ST-00386,2025-05-05,2,1.25,0.46291004988627477,1.6201851746019684,APAC,Cell Site,Japan
ST-00325,2025-01-13,2,1.25,0.46291004988627477,1.6201851746019684,EMEA,Data Center,Germany
ST-00325,2025-06-23,2,1.25,0.46291004988627477,1.6201851746019684,EMEA,Data Center,Germany
ST-00670,2025-08-11,2,1.25,0.4629100498862748,1.6201851746019682,APAC,Cell Site,China
ST-00259,2025-08-18,2,1.25,0.462910049886275,1.6201851746019678,APAC,Integration Center,Indonesia
ST-00258,2025-08-11,2,1.25,0.462910049886275,1.6201851746019678,APAC,Cell Site,Australia
ST-00441,2024-07-01,2,1.25,0.46291004988627493,1.6201851746019678,APAC,Cell Site,Indonesia
ST-00527,2025-03-31,2,1.25,0.4629100498862751,1.6201851746019673,EMEA,Cell Site,Poland
ST-00252,2024-10-28,2,1.25,0.4629100498862751,1.6201851746019673,EMEA,Cell Site,Austria
ST-00461,2024-11-11,2,1.25,0.4629100498862751,1.6201851746019673,EMEA,Cell Site,UK
ST-00506,2025-06-30,2,1.25,0.46291004988627515,1.620185174601967,AMER,Warehouse,Chile
ST-00627,2024-11-04,2,1.25,0.46291004988627515,1.620185174601967,APAC,Integration Center,Malaysia
ST-00567,2025-09-01,2,1.25,0.4629100498862754,1.6201851746019662,AMER,Cell Site,Mexico
ST-00564,2025-02-17,2,1.25,0.4629100498862754,1.6201851746019662,AMER,Cell Site,Mexico
ST-00198,2025-08-18,2,1.25,0.4629100498862755,1.620185174601966,AMER,Integration Center,Argentina
ST-00149,2025-08-04,2,1.25,0.46291004988627554,1.6201851746019658,EMEA,Cell Site,Netherlands
ST-00148,2024-03-11,2,1.25,0.46291004988627554,1.6201851746019658,APAC,Cell Site,Indonesia
ST-00137,2025-04-07,2,1.25,0.4629100498862756,1.6201851746019655,EMEA,Cell Site,Sweden
ST-00212,2025-11-03,2,1.25,0.4629100498862756,1.6201851746019655,EMEA,Cell Site,France
ST-00178,2024-04-22,2,1.25,0.46291004988627565,1.6201851746019653,APAC,Cell Site,Japan
ST-00174,2025-06-30,2,1.25,0.46291004988627565,1.6201851746019653,EMEA,Integration Center,Austria
ST-00071,2025-06-23,2,1.25,0.4629100498862757,1.620185174601965,AMER,Cell Site,Mexico
ST-00002,2024-01-22,2,1.25,0.4629100498862757,1.620185174601965,APAC,Cell Site,South Korea
ST-00002,2025-08-18,2,1.25,0.4629100498862757,1.620185174601965,APAC,Cell Site,South Korea
ST-00061,2024-12-16,2,1.25,0.4629100498862758,1.6201851746019647,EMEA,Cell Site,Italy
ST-00107,2025-07-07,2,1.25,0.4629100498862758,1.6201851746019647,APAC,Warehouse,Australia
